Si12Bi12,0.04784,0.0157,0.1279,0.00121,0.018869999999999998,0.21115,0.013590000000000001,0.90271,0.33978,0.13801,0.0,0.22866,0.0637,0.20789000000000002,0.67142,0.09916,0.28257,0.22873000000000002,0.72865,0.07257000000000001,0.732,0.0,0.72469,0.7006899999999999,0.66776,-0.86021,0.06631000000000001,-0.94963,-0.77378,-0.8699,0.02485,-0.27591,0.0,-0.55253,0.47778999999999994,0.01433,0.15662,0.01268,0.05779,0.20140999999999998,0.14931,0.06784,0.50161,0.18888,0.18888,0.00323,0.011559999999999999,0.00088,0.13889,1.0,0.56579,0.13159,0.013630000000000001,0.04372,0.15824000000000002,0.17597000000000002,0.06147999999999999,0.0,0,0,0.0,0.0,7.346010000000001,0.0,0.0,0.0,0.0,0.0,0.0,0.0,0.0,0.0,0.0,0.0,0,0.0,0.0,0.0,0.0,0.0,5.99705,1.05079,5.99705,5.99705,7.57861,7.57861,0.0,0.0,0.0,1.05079,5.99705,5.99705,0.28201,0.8170000000000001,0,14.90427,
Bi2Te1Se2,0.04784,0.014530000000000001,0.1279,0.11537,0.27576999999999996,0.10549000000000001,0.0045,0.90271,0.28899,0.08936000000000001,0.22266,0.15527,0.07006,0.08031,0.21925999999999998,0.0551,0.28257,0.22873000000000002,0.8012199999999999,0.02727,0.732,0.06633,0.74142,0.7006899999999999,0.70004,-0.53622,0.02816,-0.94963,-0.67765,-0.70633,0.05319,-0.27591,0.13267,-0.60595,0.5707899999999999,0.09417,0.21325,0.051620000000000006,0.03651,0.06477000000000001,0.03984,0.06784,0.38035,0.01601,0.01171,7e-05,0.00806,0.05172,0.06019,0.13159,0.11689000000000001,0.10217999999999999,0.3201,0.20505,0.0429,0.14714000000000002,0.02375,0.0,0,1,0.0,0.0,0.0,0.0,0.0,0.0,0.0,0.0,0.0,0.0,0.0,0.0,0.0,0.0,0,0.0,0.0,0.0,0.0,0.0,1.37917,0.87174,1.47556,1.84445,13.649329999999999,13.649329999999999,0.0,0.0,0.0,1.06489,1.84445,1.21995,0.15604,0.15604,1,27.298659999999998,
Au2Cl2O4,0.07417,0.07328,0.11740999999999999,0.11033,0.14157999999999998,0.25556,0.0,0.37993000000000005,0.22558000000000003,0.15307,0.0,0.2727,0.29612,0.14386,0.15500999999999998,0.09362000000000001,0.32853000000000004,0.27438,0.7218600000000001,0.14614000000000002,0.70467,0.0,0.77042,0.81847,0.81847,-0.51093,0.06599,-0.52369,-0.8956299999999999,-1.0,0.07307000000000001,-0.20770999999999998,0.0,-0.46691000000000005,0.3745,0.0,0.1326,0.18257,0.21800999999999998,0.07905,0.17865999999999999,0.15168,0.39339,0.15592999999999999,9e-05,0.31515,0.0,0.0,1.0,0.30421,0.30421,0.30421,0.0,0.19664,0.3527,0.09105,0.0,0.0,0,0,0.0,0.0,0.0,0.0,0.0,0.0,0.0,0.0,0.0,0.0,0.0,0.0,0.0,0.0,0,0.0,0.0,0.0,0.0,0.0,11.40196,3.65498,11.40196,11.40196,2.81935,2.81935,0.0,0.0,0.0,3.65498,11.40196,11.40196,0.16485,0.32056,0,22.803929999999998,
Nb3S1Br7,0.045380000000000004,0.018969999999999997,0.14257,0.033710000000000004,0.12315999999999999,0.25299,0.0,0.39608000000000004,0.50347,0.05939,0.0,0.27052,0.03202,0.1272,0.31984,0.03952,0.1393,0.26176,0.68181,0.18434,0.7026,0.0,0.7849,0.82305,0.82305,-0.68361,0.08800000000000001,-0.54418,-0.6712199999999999,-0.8313799999999999,0.060160000000000005,-0.40596,0.0,-0.4372,0.46665,0.0,0.14065,0.08062000000000001,0.11365,0.03607,0.10604000000000001,0.07443999999999999,0.32576,0.030780000000000002,0.00045,0.07159,0.0,0.0,0.18889,0.22915,0.22915,0.22915,0.0,0.08472,0.08288999999999999,0.08297,0.0,0.0,0,1,0.0,0.0,0.0,0.0,0.0,0.0,0.0,0.0,0.0,0.0,0.0,0.0,0.0,0.0,0,0.0,0.0,0.0,0.0,0.0,2.95003,2.26266,3.07203,0.0,0.0,5.38105,3.5763599999999998,2.06481,0.0,3.5763599999999998,2.06481,2.06481,0.30511,0.30511,0,23.443360000000002,
Bi6Pb6,0.01848,0.03318,0.1258,0.01354,0.20249,0.014280000000000001,0.07175,0.94545,0.21226,0.01518,0.13702,0.22866,0.11886,0.08997000000000001,0.23953000000000002,0.026260000000000002,0.28257,0.22873000000000002,0.77952,0.0217,0.732,0.02348,0.73282,0.82605,0.7006899999999999,-0.32022,0.01852,-0.97239,-0.67351,-0.67765,0.05571,-0.27591,0.07201,-0.58513,0.50283,0.06426,0.23714000000000002,0.07909,0.02178,0.0289,0.0061,0.02547,0.50161,0.07725,0.07725,0.00323,0.06801,0.01829,0.06389,0.13159,0.07758,0.023569999999999997,0.02395,0.21003000000000002,0.00658,0.08639,0.09827000000000001,0.0,0,0,0.0,0.0,0.0,0.0,0.0,0.0,0.0,0.0,0.0,0.0,0.0,0.0,0.0,0.0,0,0.0,0.0,0.0,0.0,0.0,-1.34476,-6.43919,-1.35591,-1.35591,-20.966910000000002,-21.280089999999998,-7.56077,-1.54961,0.0,-6.8532,-1.42689,-1.29135,0.17664000000000002,0.5166,0,26.317970000000003,
Hf2Si2Te2,0.01675,0.01167,0.14467,0.14352,0.3342,0.19386,0.01762,0.44173,0.28899,0.07131,0.0,0.19864,0.0637,0.12591,0.74555,0.05169,0.13542,0.23901,0.71765,0.11084000000000001,0.7007399999999999,0.0,0.72469,0.78596,0.66776,-0.86021,0.05255,-0.5978600000000001,-0.7229800000000001,-0.8699,0.08809,-0.20809,0.0,-0.47218000000000004,0.47778999999999994,0.03022,0.15662,0.08033,0.07907,0.17021,0.13801,0.027219999999999998,0.33058000000000004,0.13865,0.05899,0.0016300000000000002,0.028939999999999997,0.00244,0.15278,1.0,0.55233,0.10465999999999999,0.14527,0.04372,0.1264,0.17687999999999998,0.07794,0.0,0,0,0.0,0.0,7.26,0.0,0.0,0.07372000000000001,0.0,0.0,0.0,0.0,0.0,0.0,0.0,0.0,0,0.0,0.0,0.0,0.0,0.0,2.75352,0.91784,2.75352,2.75352,13.49319,13.49319,0.91784,2.75352,0.0,0.91784,2.75352,2.75352,0.13605,0.13605,0,26.98638,
Co2Ni1O6,0.03367,0.07611,0.16543,0.03703,0.03567,0.15104,0.00883,0.36879,0.21552,0.06526,0.01719,0.33204,0.0279,0.12857000000000002,0.11060999999999999,0.03608,0.16822,0.3025,0.62238,0.24561999999999998,0.6882199999999999,0.03833,0.79586,0.82275,0.8214,-0.68805,0.08085,-0.50903,-1.0,-1.0,0.02111,-0.20269,0.0235,-0.36491999999999997,0.50492,0.00206,0.08557999999999999,0.08498,0.16784000000000002,0.04621,0.02928,0.05981,0.23049,0.04106,9e-05,0.2298,0.00505,0.00498,0.11110999999999999,0.16158,0.09547,0.09547,0.00053,0.05541,0.22028000000000003,0.10914000000000001,0.0006,0.0,0,1,0.0,0.0,0.0,0.0,0.0,0.0,0.0,-35.18401,0.0,0.0,0.0,0.0,0.0,0.0,0,0.0,0.0,0.0,0.0,0.0,1.66708,0.57627,2.88738,0.0,0.0,9.996310000000001,0.0,0.0,9.996369999999999,-0.02482,2.83754,2.80265,0.22336,0.22335,0,21.894070000000003,
Sc1Ag1P2S6,0.00954,0.04702,0.13104000000000002,0.12224000000000002,0.2238,0.14465,0.04378,0.42376,0.44178999999999996,0.05798,0.10726,0.28929,0.05292,0.05462,0.21709,0.04227,0.16275,0.22873000000000002,0.6915100000000001,0.13185999999999998,0.71759,0.29696999999999996,0.7579199999999999,0.81822,0.78046,-0.67291,0.030969999999999998,-0.5774199999999999,-0.8313799999999999,-0.8313799999999999,0.1109,-0.7057399999999999,0.22688000000000003,-0.45343,0.5082899999999999,0.00671,0.13338,0.0647,0.07401,0.02553,0.040780000000000004,0.01813,0.34954,0.08937,0.00061,0.015030000000000002,0.09767,0.00983,0.55556,0.12915,0.08182,0.03449,0.00335,0.0656,0.06582,0.08846,0.01511,0.0,0,1,0.0,0.0,0.0,0.0,0.0,0.0,0.0,0.0,0.0,0.0,0.0,0.0,0.0,0.0,0,0.0,0.0,0.0,0.0,0.0,3.7997199999999998,1.29027,1.94849,0.0,0.0,11.680589999999999,0.0,3.5722400000000003,0.0,2.00928,2.4121799999999998,2.6303799999999997,0.26485,0.26485,0,23.36119,
Te4O4F8,0.07417,0.09816,0.14991,0.22763000000000003,0.31643000000000004,0.2606,0.0,0.40597,0.19612000000000002,0.14045,0.0,0.19864,0.08993,0.0,0.0,0.046239999999999996,0.0,0.28513,0.82849,0.03951,0.7427699999999999,0.0,0.0,0.0,0.0,-0.53622,0.03134,-0.5563100000000001,-0.9625,-1.0,0.04778,-0.18436,0.0,-0.62453,0.5707899999999999,0.0,0.14545999999999998,0.14232999999999998,0.1026,0.0991,0.09817000000000001,0.17109000000000002,0.38636,0.00298,7e-05,0.0016300000000000002,0.0,0.0,0.06019,0.0,0.0,0.0,0.0,0.20505,0.27375,0.22919,0.0,0.0,0,0,0.0,0.0,0.0,0.0,0.0,0.0,0.0,0.0,0.0,0.0,0.0,0.0,0.0,0.0,0,0.0,0.0,0.0,0.0,0.0,3.60753,1.91103,4.09681,0.0,0.0,0.0,0.0,0.0,0.0,0.0,0.0,4.09681,0.21679,0.32726,0,24.05425,
Nb1S2-T1,0.045380000000000004,0.01704,0.14257,0.007790000000000001,0.21020999999999998,0.21725999999999998,0.0,0.39608000000000004,0.44178999999999996,0.04685,0.0,0.27052,0.03202,0.1272,0.31984,0.00952,0.1393,0.26176,0.68181,0.12507000000000001,0.7026,0.0,0.7849,0.82305,0.82305,-0.68361,0.03874,-0.54418,-0.8313799999999999,-0.8313799999999999,0.03665,-0.40596,0.0,-0.4372,0.46665,0.0,0.14065,0.13477,0.11365,0.06501,0.01984,0.07443999999999999,0.32576,0.037610000000000005,0.00061,0.07159,0.0,0.0,0.18889,0.22915,0.22915,0.22915,0.0,0.08472,0.06784,0.08771,0.0,0.0,0,1,0.0,0.0,0.0,0.0,0.0,0.0,0.0,0.0,0.0,0.0,0.0,0.0,0.0,0.0,0,0.0,0.0,0.0,0.0,0.0,1.1318700000000002,1.01421,0.0,0.0,0.0,-1e-05,0.0,0.0,0.0,0.0,0.0,0.0,0.14314000000000002,0.14314000000000002,1,23.133010000000002,
Lu4P4S16,0.01726,0.03123,0.14257,0.07406,0.22325,0.1412,0.0,0.41613,0.44178999999999996,0.04658,0.0,0.0,0.0,0.05628,0.38719000000000003,0.02814,0.11073,0.23481999999999997,0.7256600000000001,0.09771,0.7096899999999999,0.0,0.80086,0.78962,0.78962,-0.41166,0.01292,-0.56848,-0.8313799999999999,-0.8313799999999999,0.08893999999999999,-0.7057399999999999,0.0,-0.52163,0.0,0.0,0.20169,0.05131,0.028239999999999998,0.01374,0.00837,0.0278,0.36583000000000004,0.00958,0.00061,0.013859999999999999,0.0,0.0,0.08815,0.06426,0.06426,0.06426,0.0,0.10257000000000001,0.08535,0.10555,0.0,0.0,0,0,0.0,0.0,0.0,0.0,0.0,0.0,0.0,0.0,0.0,0.0,0.0,0.0,0.0,0.0,0,0.0,0.0,0.0,0.0,0.0,3.22125,11.12573,3.22125,3.22125,6.05566,6.05566,11.12573,3.22125,0.0,11.12573,3.22125,3.22125,0.25479,0.49378,0,25.285439999999998,
La2Ge1I2,0.02386,0.036910000000000005,0.11008,0.14878,0.18573,0.23231,0.02298,0.39914,0.37113,0.10857,0.0,0.2356,0.03533,0.04604,0.39893,0.07372999999999999,0.42151000000000005,0.1936,0.7430899999999999,0.1453,0.6875399999999999,0.0,0.64231,0.8236399999999999,0.73416,-0.60777,0.05414,-0.54796,-0.7058300000000001,-0.7468600000000001,0.11787,-0.21224,0.0,-0.5514899999999999,0.65941,0.01576,0.17701,0.1216,0.02083,0.09427999999999999,0.14787,0.02891,0.43044,0.054310000000000004,0.05555,0.00601,0.00822,0.0,0.10528,0.38443,0.07268,0.07268,0.0,0.07326,0.056729999999999996,0.18825,0.0,0.0,0,1,0.0,0.0,0.0,0.0,0.0,0.0,0.0,0.0,0.0,0.0,0.0,0.0,0.0,0.0,0,0.0,0.0,0.0,0.0,0.0,2.43056,1.2524899999999999,2.54175,0.0,0.0,13.74531,1.11808,1.9365700000000001,0.0,1.34022,2.32132,1.9365700000000001,0.16269,0.16269,1,27.49062,
Ni2Sb1Te2,0.05317,0.021759999999999998,0.14572000000000002,0.18929,0.35447,0.1071,0.00119,0.41401000000000004,0.30467,0.06348,0.0,0.19864,0.02791,0.13859000000000002,0.10602,0.02332,0.16822,0.25,0.62238,0.20611,0.73015,0.0,0.8001,0.82275,0.65198,-0.688,0.1237,-0.56595,-0.66889,-0.73441,0.05439,-0.34276999999999996,0.0,-0.3869,0.51071,0.09935,0.08557999999999999,0.058839999999999996,0.1026,0.047619999999999996,0.1056,0.08565,0.32323,0.06713,0.08331000000000001,0.0016300000000000002,0.13679000000000002,0.048010000000000004,0.1,0.17817,0.16158,0.16158,0.05541,0.05541,0.13765,0.13668,0.0072,0.0,1,0,0.0,0.0,0.0,0.0,0.0,0.0,0.0,1.7632900000000002,0.0,0.0,0.0,0.0,0.0,0.0,0,0.0,0.0,0.0,0.0,0.0,2.0793,1.46349,2.14466,0.0,0.0,12.531080000000001,0.0,0.0,12.531080000000001,1.37669,3.03698,2.89282,0.15496,0.15496,0,25.06215,
Bi2Cl2O2,0.04784,0.0561,0.1279,0.07902999999999999,0.046610000000000006,0.26473,0.0,0.90271,0.21552,0.16985,0.0,0.22866,0.11886,0.20789000000000002,0.34285,0.08694,0.28257,0.22873000000000002,0.8012199999999999,0.06677999999999999,0.732,0.0,0.74142,0.7006899999999999,0.7006899999999999,-0.26475,0.05032,-0.94963,-0.7912600000000001,-1.0,0.07352,-0.27591,0.0,-0.61775,0.6269399999999999,0.0,0.22546,0.106,0.03651,0.034,0.10727,0.06784,0.50161,0.010879999999999999,9e-05,0.00323,0.0,0.0,0.03444,0.13159,0.13159,0.13159,0.0,0.21003000000000002,0.35326,0.12952,0.0,0.0,0,0,0.0,0.0,0.0,0.0,0.0,0.0,0.0,0.0,0.0,0.0,0.0,0.0,0.0,0.0,0,0.0,0.0,0.0,0.0,0.0,0.9710200000000001,0.9710200000000001,0.9710200000000001,0.9710200000000001,12.64988,12.64988,0.0,0.0,0.0,0.9710200000000001,0.9710200000000001,0.9710200000000001,0.15352000000000002,0.15352000000000002,0,25.299770000000002,
Cu2S1O4,0.06273,0.050710000000000005,0.17402,0.09552000000000001,0.07896,0.15502,0.0,0.39608000000000004,0.21552,0.1193,0.0,0.31065,0.03723,0.12380999999999999,0.0929,0.04575,0.24224,0.3025,0.6362300000000001,0.23176999999999998,0.7358600000000001,0.0,0.79973,0.8225899999999999,0.8225899999999999,-0.629,0.07288,-0.54418,-1.0,-1.0,0.0362,-0.14753,0.0,-0.39000999999999997,0.51066,0.0,0.09233999999999999,0.1065,0.1945,0.04713,0.02862,0.12005999999999999,0.3315,0.15521,9e-05,0.65657,0.0,0.0,0.77778,0.14014000000000001,0.14014000000000001,0.14014000000000001,0.0,0.07703,0.23648000000000002,0.10248,0.0,0.0,0,0,0.0,0.0,0.0,0.0,0.0,0.0,0.0,0.0,0.0,0.0,0.0,0.0,0.0,0.0,0,0.0,0.0,0.0,0.0,0.0,2.99364,1.90525,2.67556,0.0,0.0,10.88722,0.0,0.0,0.0,2.22418,2.67556,2.67556,0.20429,0.26614,0,21.77444,
Si6Bi6,0.04784,0.0157,0.1279,0.00121,0.018869999999999998,0.21115,0.013590000000000001,0.90271,0.33978,0.13801,0.0,0.22866,0.0637,0.20789000000000002,0.67142,0.09916,0.28257,0.22873000000000002,0.72865,0.07257000000000001,0.732,0.0,0.72469,0.7006899999999999,0.66776,-0.86021,0.06631000000000001,-0.94963,-0.77378,-0.8699,0.02485,-0.27591,0.0,-0.55253,0.47778999999999994,0.01433,0.15662,0.01268,0.05779,0.20140999999999998,0.14931,0.06784,0.50161,0.18888,0.18888,0.00323,0.011559999999999999,0.00088,0.13889,1.0,0.56579,0.13159,0.013630000000000001,0.04372,0.15824000000000002,0.17597000000000002,0.06147999999999999,0.0,0,0,0.0,0.0,7.346830000000001,0.0,0.0,0.0,0.0,0.0,0.0,0.0,0.0,0.0,0.0,0.0,0,0.0,0.0,0.0,0.0,0.0,-0.8255100000000001,-4.90225,-1.05657,-1.05657,-21.66548,-21.66548,0.0,0.0,0.0,-4.98843,-0.9993299999999999,-0.84704,0.16443,0.46423000000000003,0,25.70216,
Pa6Cl12O6,0.03553,0.04217,0.10368,0.16208,0.02866,0.349,0.0,0.37993000000000005,0.26479,0.15225999999999998,0.0,0.0,0.48318999999999995,0.0,0.0,0.03497,0.0,0.3025,0.71358,0.15442,0.68576,0.0,0.0,0.0,0.0,0.07994,0.05237000000000001,-0.52369,-0.7912600000000001,-1.0,0.0755,-0.28076999999999996,0.0,-0.46945,0.8088,0.0,0.19714,0.21145999999999998,0.0,0.03205,0.08482999999999999,0.041639999999999996,0.35996,0.03408,5.9999999999999995e-05,0.0,0.0,0.0,0.0008699999999999999,0.0,0.0,0.0,0.0,0.11014000000000002,0.31951999999999997,0.066,0.0,0.0,0,0,0.0,0.0,0.0,0.0,0.0,0.0,0.0,0.0,0.0,0.0,0.0,0.0,0.0,0.0,0,0.0,0.0,0.0,0.0,0.0,-13.396020000000002,-1.27362,-13.396020000000002,-13.396020000000002,-7.01802,0.0,-1.30649,-13.396020000000002,0.0,0.0,0.0,0.0,0.14629,0.66286,0,26.792040000000004,
Sb2Pb2,0.01848,0.04058,0.1258,0.0013599999999999999,0.23864000000000002,0.02878,0.07584,0.94545,0.2623,0.057710000000000004,0.0,0.21941,0.06221,0.08997000000000001,0.24636,0.07717,0.8609399999999999,0.22873000000000002,0.77952,0.02305,0.73485,0.0,0.73282,0.82605,0.65198,-0.42033000000000004,0.00037,-0.97239,-0.66914,-0.66938,0.06461,-0.34276999999999996,0.0,-0.58513,0.50283,0.06294,0.23623000000000002,0.078,0.0384,0.06398999999999999,0.011309999999999999,0.02547,0.45556,0.10264000000000001,0.10264000000000001,0.00707,0.06454,0.00788,0.06389,0.17817,0.10087,0.023569999999999997,0.03974,0.13535999999999998,0.009640000000000001,0.15544000000000002,0.12176,0.0,1,0,0.0,0.0,0.0,0.0,0.0,0.0,0.0,0.0,0.0,0.0,0.0,0.0,0.0,0.0,0,0.0,0.0,0.0,0.0,0.0,2.21528,1.4134200000000001,1.94337,1.29558,12.2153,12.2153,2.24401,1.29558,0.0,1.6253600000000001,1.65275,2.2992,0.1837,0.1837,0,24.43059,
Ba1U1I6,0.0050799999999999994,0.034210000000000004,0.10588,0.10445,0.13044,0.31153000000000003,0.00379,0.39914,0.29031,0.0989,0.0,0.23371,0.05297999999999999,0.01803,0.29654,0.04281,0.15333,0.16598,0.6906,0.1978,0.6515,0.0,0.75938,0.85075,0.77163,-0.37940999999999997,0.06757,-0.54796,-0.64186,-0.71277,0.17865,-0.21224,0.0,-0.42895,0.53351,0.01436,0.16221,0.19149000000000002,0.013730000000000001,0.06586,0.11073,0.006220000000000001,0.30096,0.026260000000000002,0.0022,0.00295,0.08871,0.01488,0.18517999999999998,0.01346,0.0133,0.01314,0.00864,0.0864,0.027180000000000003,0.10315999999999999,0.10829000000000001,0.0,0,0,0.0,0.0,0.0,0.0,0.0,0.0,0.0,0.0,0.0,0.0,0.0,0.0,0.0,0.0,0,0.0,0.0,0.0,0.0,0.0,3.53474,8.041260000000001,3.5827699999999996,1.2453,10.04289,10.04289,9.83607,1.2453,0.0,9.83445,4.03498,1.5201200000000001,0.33871,0.34468000000000004,0,23.73612,
Nb4Ge2Te8,0.045380000000000004,0.00518,0.14257,0.11979000000000001,0.37276,0.1037,0.0036299999999999995,0.40597,0.28899,0.041960000000000004,0.0,0.19864,0.03202,0.1272,0.31984,0.044969999999999996,0.1393,0.26176,0.68181,0.14668,0.7026,0.0,0.78117,0.82305,0.73416,-0.68361,0.06565,-0.5563100000000001,-0.66476,-0.7468600000000001,0.047369999999999995,-0.40596,0.0,-0.4372,0.46665,0.020980000000000002,0.14065,0.07701000000000001,0.1026,0.036719999999999996,0.09258,0.07443999999999999,0.32576,0.06088,0.01171,0.0016300000000000002,0.05515,0.0027,0.18889,0.38443,0.22915,0.22915,0.05924,0.07326,0.04834,0.14253,0.06238,0.0,0,0,0.0,0.0,0.0,0.0,0.0,0.0,0.0,0.0,0.0,0.0,0.0,0.0,0.0,0.0,0,0.0,0.0,0.0,0.0,0.0,3.3634699999999995,1.7129,3.27412,0.0,0.0,11.813460000000001,1.7129,4.99494,0.0,1.7129,4.4135599999999995,4.09614,0.2748,0.33503,0,23.83248,
Te2Rh2Cl2,0.05801,0.04265,0.12065999999999999,0.1297,0.27404,0.28274,0.0,0.40597,0.28899,0.08805,0.0,0.19864,0.02802,0.20382999999999998,0.21769000000000002,0.036430000000000004,0.11183,0.28513,0.65482,0.20568000000000003,0.69963,0.0,0.77079,0.80291,0.80291,-0.78295,0.10419,-0.5563100000000001,-0.66476,-0.7912600000000001,0.04866,-0.20770999999999998,0.0,-0.40838,0.38877,0.09269,0.10753,0.0439,0.24156,0.06364,0.05181,0.07748,0.34894000000000003,0.08292000000000001,0.01171,0.0016300000000000002,0.0,0.0,0.23456999999999997,0.26079,0.26079,0.26079,0.06387999999999999,0.0504,0.0518,0.16549,0.00716,0.0,0,0,0.0,0.0,0.0,0.0,0.0,0.0,0.0,0.0,0.0,0.0,0.0,0.0,0.0,0.0,0,0.0,0.0,0.0,0.0,0.0,-1.8474,-2.47938,-1.8474,0.0,0.0,-11.34079,-2.47938,-1.8474,0.0,-2.47938,-1.8474,-1.8474,0.16267,0.29251,0,22.71285,
V1Se2-T1,0.0267,0.0,0.18194000000000002,0.10822000000000001,0.26938,0.05047,0.0025800000000000003,0.38282,0.35691,0.0389,0.18636,0.15527,0.02444,0.08031,0.09567,0.020569999999999998,0.15145999999999998,0.28792,0.63964,0.16649,0.72045,0.02471,0.78173,0.79825,0.70004,-0.74716,0.07400000000000001,-0.52741,-0.70633,-0.78089,0.08515,-0.38983,0.28501,-0.39221999999999996,0.5178,0.04185,0.10805,0.01842,0.02446,0.00345,0.0879,0.05541,0.28425,0.01733,0.0016300000000000002,7e-05,0.07274,0.02769,0.17778,0.11717000000000001,0.10217999999999999,0.10217999999999999,0.35946999999999996,0.05849,0.08282,0.05917000000000001,0.00221,1.0,0,1,0.0,0.0,0.0,0.0,0.0,0.0,0.0,0.0,0.0,0.0,0.0,0.0,0.0,0.0,0,0.0,0.0,0.0,0.0,0.0,1.13547,0.63395,1.26282,0.0,0.0,11.575560000000001,0.0,0.0,0.0,0.75298,1.3042,0.19625,0.14487,0.14487,1,23.151120000000002,
Al1Pd5I2,0.02197,0.08167,0.1258,0.168,0.05264,0.201,0.03565,0.47542,0.41598999999999997,0.14577,0.07191,0.29538000000000003,0.02364,0.10452,0.15639,0.05168,0.21796,0.27438,0.64986,0.23854,0.70712,0.47735,0.78597,0.8528700000000001,0.80689,-0.76378,0.10479000000000001,-0.6340399999999999,-0.64126,-0.92861,0.12159,-0.21224,0.24445,-0.42103,0.43843999999999994,0.05967000000000001,0.11117,0.21056999999999998,0.08235,0.045610000000000005,0.15367,0.03968,0.36614,0.13012,0.11762,0.11,0.02043,0.06502000000000001,0.14074,0.08914,0.08914,0.03506,0.00868,0.04782,0.12255999999999999,0.08313,0.011609999999999999,0.0,0,0,0.0,0.0,0.0,0.0,0.0,0.0,0.0,0.0,0.37624,1.0487,0.0,0.0,0.0,0.0,0,0.0,0.0,0.0,7.820930000000001,0.0,3.4198,0.60269,3.50204,0.0,0.0,13.63427,2.0428599999999997,2.0428599999999997,0.0,1.16202,2.9237,3.14146,0.14983,0.14983,0,27.26854,
Nb1S2,0.045380000000000004,0.01704,0.14257,0.007790000000000001,0.21020999999999998,0.21725999999999998,0.0,0.39608000000000004,0.44178999999999996,0.04685,0.0,0.27052,0.03202,0.1272,0.31984,0.00952,0.1393,0.26176,0.68181,0.12507000000000001,0.7026,0.0,0.7849,0.82305,0.82305,-0.68361,0.03874,-0.54418,-0.8313799999999999,-0.8313799999999999,0.03665,-0.40596,0.0,-0.4372,0.46665,0.0,0.14065,0.13477,0.11365,0.06501,0.01984,0.07443999999999999,0.32576,0.037610000000000005,0.00061,0.07159,0.0,0.0,0.18889,0.22915,0.22915,0.22915,0.0,0.08472,0.06784,0.08771,0.0,0.0,1,0,0.0,0.0,0.0,0.0,0.0,0.0,0.0,0.0,0.0,0.0,0.0,0.0,0.0,0.0,0,0.0,0.0,0.0,0.0,0.0,0.8352799999999999,3.1745099999999997,1.5868799999999998,0.0,0.0,2e-05,3.8479699999999997,1.5868799999999998,0.0,3.8479699999999997,1.5868799999999998,1.5868799999999998,0.14245,0.14245,0,23.15354,
Hf1Se2,0.01675,0.00028,0.14467,0.061829999999999996,0.18653,0.08553,0.00047999999999999996,0.38282,0.35691,0.00313,0.0008699999999999999,0.15527,0.07006,0.08031,0.09567,0.00074,0.13542,0.23901,0.71765,0.08849,0.7007399999999999,0.10588,0.7458199999999999,0.78596,0.70004,-0.48326,0.02241,-0.52741,-0.70633,-0.7229800000000001,0.09289,-0.20809,0.00075,-0.47218000000000004,0.51151,0.09182,0.17455,0.03821,0.02446,0.00797,0.014190000000000001,0.027219999999999998,0.33058000000000004,0.02075,0.0016300000000000002,7e-05,0.02398,0.050230000000000004,0.15278,0.10465999999999999,0.10217999999999999,0.10217999999999999,0.16871,0.09369,0.006509999999999999,0.0499,0.04261,0.0,1,0,0.0,0.0,0.0,0.0,0.0,0.09411,0.0,0.0,0.0,0.0,0.0,0.0,0.0,0.0,0,0.0,0.0,0.0,0.0,0.0,1.00301,3.34824,0.7857,1.7285400000000002,1e-05,7.49528,4.1915,1.7285400000000002,0.0,2.52779,0.768,1.51689,0.15357,0.15357,0,23.39434,
Cr2P2O10,0.03431,0.04985,0.19369,0.052270000000000004,0.12517999999999999,0.14251,0.0,0.41613,0.21552,0.07329,0.0,0.34798,0.01961,0.22741,0.3181,0.02203,0.09561,0.28792,0.61782,0.25018,0.72219,0.0,0.6857300000000001,0.71842,0.71842,-0.71024,0.057629999999999994,-0.56848,-1.0,-1.0,0.016640000000000002,-0.7057399999999999,0.0,-0.38192,0.55867,0.0,0.0939,0.08227000000000001,0.22828,0.032,0.02309,0.07572000000000001,0.27107,0.0187,9e-05,0.33114,0.0,0.0,0.14815,0.25808000000000003,0.25808000000000003,0.25808000000000003,0.0,0.03863,0.22086999999999998,0.10844000000000001,0.0,0.0,0,0,0.0,0.0,0.0,0.0,0.0,0.0,0.0,0.0,0.0,0.0,0.0,0.0,0.0,0.0,0,0.0,0.0,0.0,0.0,0.0,3.38234,2.02007,4.35139,0.0,0.0,12.93459,0.0,0.0,0.0,1.45046,4.35139,4.35139,0.22428,0.22428,0,25.86918,
Cr2Br6,0.03431,0.00872,0.19369,0.05086,0.0342,0.15436,0.0,0.37705,0.50347,0.10811,0.0,0.34798,0.01961,0.22741,0.3181,0.01999,0.09561,0.28792,0.61782,0.24834,0.72219,0.0,0.6857300000000001,0.71842,0.71842,-0.71024,0.12595,-0.51993,-0.6712199999999999,-0.7952199999999999,0.08934,-0.20595,0.0,-0.38192,0.55867,0.0,0.0939,0.037380000000000004,0.22828,0.01658,0.13555999999999999,0.07572000000000001,0.27107,0.032760000000000004,0.00045,0.33114,0.0,0.0,0.14815,0.25808000000000003,0.25808000000000003,0.25808000000000003,0.0,0.03863,0.14909,0.00039,0.0,0.0,0,1,0.0,0.0,0.0,0.0,0.0,0.0,0.0,0.0,0.0,0.0,0.0,0.0,0.0,0.0,0,0.0,0.0,0.0,0.0,0.0,3.5270099999999998,2.02197,3.5345800000000005,0.0,0.0,12.87087,0.0,0.0,0.0,1.5872,2.74912,2.74912,0.27759,0.27759,0,22.87154,
P2Pd3S8,0.02854,0.05106,0.1258,0.05777,0.20533,0.15962,0.0,0.41613,0.44178999999999996,0.04194,0.0,0.30109,0.04455,0.15738,0.15639,0.04943,0.21796,0.28792,0.67778,0.14558,0.70712,0.0,0.78597,0.80689,0.80689,-0.61928,0.05661,-0.56848,-0.8313799999999999,-0.8313799999999999,0.07478,-0.7057399999999999,0.0,-0.42103,0.43843999999999994,0.0,0.11117,0.05764,0.08235,0.01975,0.06881,0.03968,0.36614,0.027630000000000002,0.00061,0.11,0.0,0.0,0.1,0.08914,0.08914,0.08914,0.0,0.10642,0.05272999999999999,0.10092000000000001,0.0,0.0,0,1,0.0,0.0,0.0,0.0,0.0,0.0,0.0,0.0,-0.15374000000000002,-5.339180000000001,0.0,0.0,0.0,0.0,0,0.0,0.0,0.0,-0.55657,0.0,3.1280799999999997,2.0002299999999997,3.95873,0.0,0.0,14.284939999999999,0.0,0.0,0.0,2.28557,3.95873,3.95873,0.24,0.24,1,28.569879999999998,
Cu2Se4Br2,0.06273,0.01257,0.17402,0.1207,0.16196,0.12743,0.0054600000000000004,0.39463000000000004,0.4157,0.06658,0.08597,0.15527,0.03723,0.08031,0.09567,0.01454,0.24224,0.3025,0.6362300000000001,0.22993000000000002,0.7358600000000001,0.6409600000000001,0.7880199999999999,0.8225899999999999,0.70004,-0.629,0.10708,-0.5423600000000001,-0.70633,-0.73757,0.054229999999999993,-0.20595,0.09025,-0.39000999999999997,0.51066,0.0056,0.09233999999999999,0.04059,0.02446,0.0248,0.08963,0.12005999999999999,0.3315,0.13660999999999998,0.0016300000000000002,7e-05,0.1405,0.001,0.77778,0.14014000000000001,0.10217999999999999,0.10217999999999999,0.35635,0.07703,0.10711,0.07162,0.017269999999999997,2.0,0,0,0.0,0.0,0.0,0.0,0.0,0.0,0.0,0.0,0.0,0.0,0.0,0.0,0.0,0.0,0,0.0,0.0,0.0,0.0,0.0,-2.91328,-2.88428,-2.82501,0.0,0.0,-11.45992,0.0,0.0,0.0,-1.8522299999999998,-2.90382,-2.0695900000000003,0.21304,0.33701,0,23.1004,
Nd4Te10,0.00822,0.07413,0.11950999999999999,0.14431,0.26635,0.07303,0.0,0.40597,0.28899,0.00584,0.0,0.19864,0.07899,0.058039999999999994,0.46216999999999997,0.02201,0.36939,0.20158,0.75176,0.07672999999999999,0.69421,0.0,0.6280399999999999,0.7610100000000001,0.7610100000000001,-0.53622,0.0006900000000000001,-0.5563100000000001,-0.66476,-0.72785,0.14698,-0.19451,0.0,-0.53878,0.5707899999999999,0.08145,0.26571,0.09274,0.1026,0.102,0.08335,0.01121,0.41171,0.02744,0.01171,0.0016300000000000002,0.0,0.0,0.06019,0.031580000000000004,0.031580000000000004,0.031580000000000004,0.03493,0.11725999999999999,0.01155,0.18600000000000003,0.0609,0.0,0,0,0.0,0.0,0.0,0.0,0.0,0.0,0.0,0.0,0.0,0.0,0.0,0.0,0.0,0.0,0,0.0,0.0,0.0,0.0,0.0,3.33175,1.11058,3.33175,3.33175,19.340239999999998,19.340239999999998,0.0,0.0,0.0,1.11058,3.33175,3.33175,0.11485,0.11485,0,38.68047,
Sm2Cl2O2,0.00822,0.16182,0.1237,0.07213,0.0291,0.34401,0.0,0.37993000000000005,0.28135,0.39551,0.0,0.27063000000000004,0.10702,0.04387,0.33916999999999997,0.06352000000000001,0.29736,0.20661,0.75043,0.11757000000000001,0.8017,0.0,0.69818,0.7402,0.7402,-0.36949,0.04777,-0.52369,-0.7912600000000001,-1.0,0.1474,-0.20931999999999998,0.0,-0.53541,0.62316,0.0,0.22546,0.09769,0.00975,0.03429,0.07408,0.01166,0.51115,0.01656,9e-05,0.008159999999999999,0.0,0.0,0.07,0.02387,0.02387,0.02387,0.0,0.11553,0.35163,0.10274000000000001,0.0,0.0,0,0,0.0,0.0,0.0,0.0,0.0,0.0,0.0,0.0,0.0,0.0,0.0,0.0,0.0,0.0,0,0.0,0.0,0.0,0.0,0.0,3.17211,1.0573700000000001,0.0,3.17211,14.27067,14.27067,0.0,0.0,0.0,1.0573700000000001,3.17211,3.17211,0.14819000000000002,0.14819000000000002,0,28.54134,
Cu4H4O4F4,0.03828,0.026889999999999997,0.17402,0.049589999999999995,0.08803,0.18696,0.0,0.39463000000000004,0.21552,0.09303,0.0,0.31065,0.02659,0.12380999999999999,0.0929,0.04747,0.24224,0.3025,0.6362300000000001,0.23176999999999998,0.7358600000000001,0.0,0.79973,0.8225899999999999,0.8225899999999999,-0.629,0.07721,-0.5423600000000001,-0.9625,-1.0,0.0399,-0.18436,0.0,-0.39000999999999997,0.51066,0.19576,0.09233999999999999,0.10153,0.1945,0.0459,0.12404000000000001,0.12005999999999999,0.18939,0.13582,0.00023999999999999998,0.65657,0.0,0.0,0.77778,0.14014000000000001,0.14014000000000001,0.14014000000000001,0.0,0.07703,0.2362,0.09702999999999999,0.0,0.0,0,0,0.0,0.0,0.0,0.0,0.0,0.0,0.0,0.0,0.0,0.0,0.0,0.0,0.0,0.0,0,0.0,0.0,0.0,0.0,0.0,-3.16285,-11.49896,-3.16285,0.0,0.0,-2.64757,0.0,0.0,0.0,-11.49896,-3.16285,-3.16285,0.22615,0.2688,0,23.53327,
Nb4Fe4Te8,0.007659999999999999,0.026269999999999998,0.14257,0.18059,0.35802,0.09258999999999999,0.07704,0.40597,0.34381999999999996,0.06681000000000001,0.08527,0.19864,0.024730000000000002,0.12591,0.22469,0.04048,0.1393,0.26176,0.63936,0.18913,0.69862,0.053989999999999996,0.7576,0.82305,0.80487,-0.703,0.10344,-0.5563100000000001,-0.68712,-0.7218100000000001,0.15262,-0.40596,0.17659,-0.37244,0.46665,0.10715999999999999,0.09208,0.17082,0.1026,0.0896,0.09647,0.01319,0.26354,0.060820000000000006,0.05998,0.0016300000000000002,0.056920000000000005,0.04633,0.18889,0.22915,0.12655,0.02394,0.06283,0.05731,0.09626,0.16539,0.05591,0.0,0,0,0.0,0.0,0.0,0.0,0.0,0.0,0.0,0.0,0.0,0.0,0.0,0.0,0.0,0.0,0,0.0,0.0,0.0,0.0,0.0,12.35782,4.888240000000001,12.35782,0.0,0.0,4.0921199999999995,3.98369,12.35782,3.17254,5.2142599999999995,12.35782,12.35782,0.25672,0.32236,0,24.71565,
Mo1S2-T1,0.03793,0.0,0.15054,0.0036200000000000004,0.02338,0.19668,0.0,0.39608000000000004,0.44178999999999996,0.061239999999999996,0.0,0.26718000000000003,0.021580000000000002,0.23214,0.4213,0.018019999999999998,0.08037000000000001,0.27438,0.6666300000000001,0.14025,0.7035,0.0,0.7664300000000001,0.7698,0.7698,-0.71249,0.05435,-0.54418,-0.8313799999999999,-0.8313799999999999,0.05148,-0.13508,0.0,-0.41848,0.48783999999999994,0.0,0.12182,0.059579999999999994,0.29766,0.07441,0.03203,0.06562,0.30372,0.08335,0.00061,0.5774100000000001,0.0,0.0,0.21295999999999998,0.29131,0.29131,0.29131,0.0,0.057999999999999996,0.04494,0.1399,0.0,0.0,0,1,0.0,0.0,0.0,0.0,0.0,0.0,-1.2474399999999999,0.0,0.0,0.0,0.0,0.0,0.0,0.0,0,0.0,0.54828,1.45,0.0,0.0,1.0466600000000001,0.92656,0.0,0.0,0.0,2.9999999999999997e-05,0.0,0.0,0.0,0.0,0.0,0.0,0.13245,0.13245,1,23.28389,
Ca3Cu2Br2O4,0.00125,0.0878,0.15436,0.10514000000000001,0.01166,0.2215,0.9853,0.39463000000000004,0.47448999999999997,0.17035,0.14344,0.20501,0.025259999999999998,0.016659999999999998,0.25329,0.04796,0.24224,0.21006999999999998,0.6362300000000001,0.23176999999999998,0.7358600000000001,0.21855,0.78089,0.8225899999999999,0.78689,-0.629,0.11047,-0.5423600000000001,-0.76505,-1.0,0.2496,-0.20595,0.3597,-0.39000999999999997,0.51066,0.0011099999999999999,0.09233999999999999,0.14082,0.00059,0.05765,0.12485999999999998,0.00218,0.3315,0.37151999999999996,0.00045,0.05051,0.14077,0.00777,0.77778,0.14014000000000001,0.00206,0.00206,0.006540000000000001,0.07703,0.34339000000000003,0.13655,0.06602000000000001,0.0,0,0,0.0,0.0,0.0,0.0,0.0,0.0,0.0,0.0,0.0,0.0,0.0,0.0,0.0,0.0,0,0.0,0.0,0.0,0.0,0.0,2.7213,1.30772,1.93198,0.0,0.0,14.59513,0.0,0.0,0.0,0.6381899999999999,3.2257700000000002,2.2942299999999998,0.13237000000000002,0.13237000000000002,0,29.19026,
Np2I6,0.0050799999999999994,0.0,0.11217,0.01519,0.06426,0.26419000000000004,0.0,0.39914,0.29031,0.04018,0.0,0.0,0.0,0.0,0.0,0.00361,0.0,0.2995,0.6805399999999999,0.20785,0.71618,0.0,0.0,0.0,0.0,-0.10203,0.07857,-0.54796,-0.64186,-0.68237,0.17742,-0.21224,0.0,-0.41883000000000004,0.0,0.04915,0.15052000000000001,0.21455,0.0,0.06667999999999999,0.056389999999999996,0.00643,0.43343000000000004,0.00514,0.0022,0.0,0.0,0.0,0.00611,0.0,0.0,0.0,0.0,0.08369,0.039830000000000004,0.13438,0.0,0.0,0,0,0.0,0.0,0.0,0.0,0.0,0.0,0.0,0.0,0.0,0.0,0.0,0.0,0.0,0.0,0,0.0,0.0,0.0,0.0,0.0,5.99938,1.0610899999999999,5.83632,7.43531,12.43281,0.0,0.0,0.0,0.0,0.0,0.0,0.0,0.17069,0.39869,0,24.86563,
Tb20B14C20,0.0142,0.10822999999999999,0.13104000000000002,0.19219,0.15927,0.0,0.019809999999999998,0.36899,0.29786999999999997,0.0,0.0,0.22913000000000003,0.00542,0.05409,0.16063,0.04019,0.22555999999999998,0.21541999999999997,0.57099,0.18002,0.7029,0.0,0.70091,0.82516,0.7720600000000001,-1.0,0.15018,-0.5092899999999999,-0.73569,-0.73569,0.14798,-0.17494,0.0,-0.38301999999999997,0.65153,0.04397,0.057010000000000005,0.16514,0.0294,0.45566999999999996,0.11864000000000001,0.03291,0.29012,0.07322000000000001,0.04052,0.00774,0.05281,0.1547,0.34259,0.33261999999999997,0.08723,0.07921,0.0,0.01747,0.0,0.35756,0.0,0.0,0,0,0.0,0.0,0.0,0.0,0.0,0.0,0.0,0.0,0.0,0.0,0.0,0.0,0.0,0.0,0,0.0,0.0,0.0,0.0,0.0,-0.01042,-3.70658,0.0,0.27394,-15.1378,-15.1378,0.0,0.0,-15.1378,-3.6557800000000005,0.07436,0.27394,0.26681,0.26681,0,30.9143,
Tb2Cl6,0.02213,0.09107,0.13104000000000002,0.013000000000000001,0.03573,0.28346,0.0,0.37993000000000005,0.28135,0.0618,0.0,0.22913000000000003,0.11214,0.05409,0.40397,0.01712,0.22555999999999998,0.21541999999999997,0.7510100000000001,0.10949,0.7029,0.0,0.70091,0.78641,0.78641,-0.35425999999999996,0.01623,-0.52369,-0.7912600000000001,-0.7912600000000001,0.09915,-0.20770999999999998,0.0,-0.5321199999999999,0.65153,0.0,0.22584,0.0501,0.0294,0.02009,0.024980000000000002,0.03291,0.39174000000000003,0.01015,2.9999999999999997e-05,0.00774,0.0,0.0,0.07167000000000001,0.07921,0.07921,0.07921,0.0,0.11525999999999999,0.00854,0.004070000000000001,0.0,0.0,0,0,0.0,0.0,0.0,0.0,0.0,0.0,0.0,0.0,0.0,0.0,0.0,0.0,0.0,0.0,0,0.0,0.0,0.0,0.0,0.0,5.16442,0.94886,0.0,6.3708,11.99034,11.99034,0.0,0.0,11.99034,0.94886,6.3708,6.3708,0.15827,0.35422,0,23.98067,
Co1O2-T1,0.03367,0.08071,0.16543,0.04097,0.01466,0.15359,0.0,0.34146,0.21552,0.04987,0.0,0.33241,0.0279,0.12857000000000002,0.11060999999999999,0.03625,0.1786,0.3025,0.6292300000000001,0.23876999999999998,0.6882199999999999,0.0,0.79586,0.8214,0.8214,-0.68805,0.08069,-0.47113,-1.0,-1.0,0.02249,-0.14407,0.0,-0.36491999999999997,0.50492,0.0,0.08662,0.06397,0.16784000000000002,0.03327,0.03134,0.05981,0.23049,0.04249,9e-05,0.26389,0.0,0.0,0.11110999999999999,0.09547,0.09547,0.09547,0.0,0.05927,0.22245,0.10728,0.0,0.0,0,0,0.0,0.0,0.0,0.0,0.0,0.0,0.0,0.0,0.0,0.0,0.0,0.0,0.0,0.0,0,0.0,0.0,0.0,0.0,0.0,-0.83063,0.87639,-1.41039,0.0,0.0,-20.94464,0.0,0.0,-20.94464,1.30639,-1.41039,-1.41039,0.12861,0.12867,0,21.9326,
Bi4Te4I4O12,0.04784,0.07825,0.1279,0.19033,0.23201,0.24731999999999998,0.0,0.90271,0.21552,0.22687,0.0,0.19864,0.08993,0.20789000000000002,0.34285,0.09051000000000001,0.28257,0.22873000000000002,0.8012199999999999,0.08718,0.732,0.0,0.74142,0.7006899999999999,0.7006899999999999,-0.53622,0.057229999999999996,-0.94963,-0.8388200000000001,-1.0,0.0719,-0.27591,0.0,-0.61775,0.5707899999999999,0.0364,0.22546,0.20667,0.06956,0.08978,0.1587,0.06784,0.42089,0.007790000000000001,0.00115,0.0016300000000000002,0.0,0.0,0.06019,0.13159,0.13159,0.13159,0.01167,0.20505,0.38414,0.22516999999999998,0.02576,0.0,0,0,0.0,0.0,0.0,0.0,0.0,0.0,0.0,0.0,0.0,0.0,0.0,0.0,0.0,0.0,0,0.0,0.0,0.0,0.0,0.0,3.5415900000000002,12.74798,3.5415900000000002,3.5415900000000002,3.9861,3.9861,0.0,0.0,0.0,12.74798,3.5415900000000002,3.5415900000000002,0.26532,0.30199000000000004,0,26.69722,
Ni1Te1O4,0.05874,0.0746,0.14991,0.17414000000000002,0.23124,0.21331,0.0,0.40597,0.21552,0.12024000000000001,0.0,0.19864,0.02791,0.13859000000000002,0.10602,0.0503,0.16822,0.28513,0.62238,0.24561999999999998,0.73015,0.0,0.8092699999999999,0.82275,0.82275,-0.688,0.07779,-0.5563100000000001,-1.0,-1.0,0.047560000000000005,-0.20269,0.0,-0.3869,0.51071,0.10767,0.08557999999999999,0.141,0.1914,0.0904,0.10086,0.10676,0.32323,0.02109,9e-05,0.0016300000000000002,0.0,0.0,0.1,0.16158,0.16158,0.16158,0.06188,0.05541,0.29424,0.20278,0.0079,0.0,0,0,0.0,0.0,0.0,0.0,0.0,0.0,0.0,-18.35235,0.0,0.0,0.0,0.0,0.0,0.0,0,0.0,0.0,0.0,0.0,0.0,-0.74598,-2.88311,-0.6904600000000001,0.0,0.0,-10.87065,0.0,0.0,-10.87065,-1.53368,-1.55354,-1.27864,0.14254,0.24286,0,21.79818,
Hg2Cl4O12,0.0,0.03911,0.1194,0.07454,0.08374,0.15584,0.0,0.37993000000000005,0.21552,0.08484,0.0,0.0,0.48318999999999995,0.0369,0.050289999999999994,0.30479,0.0,0.28792,0.79261,0.07539,0.67084,0.0,0.73331,0.79109,0.79109,-0.14022,0.04626,-0.52369,-1.0,-1.0,0.07,-0.20770999999999998,0.0,-0.54843,0.8088,0.0,0.18299,0.10275,0.0,0.03177,0.17463,0.0,0.28143,0.00255,9e-05,0.0,0.0,0.0,0.06944,0.0,0.0,0.0,0.0,0.50149,0.34457,0.08392000000000001,0.0,0.0,0,0,0.0,0.0,0.0,0.0,0.0,0.0,0.0,0.0,0.0,0.0,0.0,0.0,0.0,0.0,0,0.0,0.0,0.0,0.0,0.0,-2.40876,-2.11937,-2.42781,-2.42781,-13.66934,0.0,-3.1644200000000002,-2.42781,0.0,-3.1644200000000002,-2.42781,0.0,0.19387000000000001,0.20651,0,27.571170000000002,
Sb2,0.05317,0.0,0.14572000000000002,0.0,0.0,0.0,0.0,0.41401000000000004,0.30467,0.0,0.0,0.21941,0.06221,0.25325,0.35651,0.0,0.0,0.25,0.8025800000000001,0.0,0.74105,0.0,0.8001,0.65198,0.65198,-0.42033000000000004,0.0,-0.56595,-0.66889,-0.66889,0.0,-0.34276999999999996,0.0,-0.5956199999999999,0.68007,0.0,0.23623000000000002,0.0,0.06974,0.0,0.0,0.08565,0.45556,0.08331000000000001,0.08331000000000001,0.016669999999999997,0.0,0.0,0.046669999999999996,0.17817,0.17817,0.17817,0.0,0.13535999999999998,0.0,0.0,0.0,0.0,0,1,0.0,0.0,0.0,0.0,0.0,0.0,0.0,0.0,0.0,0.0,0.0,0.0,0.0,0.0,0,0.0,0.0,0.0,0.0,0.0,1.78004,1.0277100000000001,1.78004,0.0,0.0,0.0,0.0,0.0,0.0,1.0277100000000001,1.78004,1.78004,0.18439,0.18439,1,22.293670000000002,
Ge4As4Se4,0.04085,0.0379,0.18492999999999998,0.09823,0.23021999999999998,0.022930000000000002,0.0148,0.39757,0.37113,0.054329999999999996,0.0,0.15527,0.03533,0.08031,0.29270999999999997,0.0138,0.5703699999999999,0.27438,0.7430899999999999,0.06304,0.76066,0.0,0.78117,0.73416,0.70004,-0.60777,0.023180000000000003,-0.54602,-0.70633,-0.7468600000000001,0.055479999999999995,-0.38034,0.0,-0.5529,0.65941,0.08372,0.16818,0.06655,0.016130000000000002,0.0787,0.054720000000000005,0.08269,0.38035,0.09376,0.12357,7e-05,0.01099,0.04365,0.10528,0.38443,0.24331,0.10217999999999999,0.021580000000000002,0.07326,0.015819999999999997,0.18652,0.00722,2.0,0,0,0.0,0.0,0.0,0.0,0.0,0.0,0.0,0.0,0.0,0.0,0.0,0.0,0.0,0.0,0,0.0,0.0,0.0,0.0,0.0,-11.69483,-2.1364900000000002,-11.69483,0.0,0.0,-5.18394,0.0,0.0,0.0,-2.36695,-11.69483,-11.69483,0.21756999999999999,0.44327,0,23.38965,
Ta1S2,0.0164,0.07066,0.14572000000000002,0.08273,0.19885999999999998,0.16459000000000001,0.0,0.39608000000000004,0.44178999999999996,0.04964,0.0,0.24679,0.13806,0.14739000000000002,0.37129,0.030910000000000003,0.08815,0.25,0.69967,0.10720999999999999,0.7054600000000001,0.0,0.80688,0.81709,0.81709,-0.5687800000000001,0.0385,-0.54418,-0.8313799999999999,-0.8313799999999999,0.09299,-0.38533,0.0,-0.42931,0.43793000000000004,0.0,0.14090999999999998,0.03015,0.07274,0.02565,0.10392,0.026869999999999998,0.33434,0.03975,0.00061,0.13385999999999998,0.0,0.0,0.22221999999999997,0.09593,0.09593,0.09593,0.0,0.10617,0.06816,0.11508,0.0,0.0,1,0,0.0,0.0,0.0,0.0,0.0,0.0,0.0,0.0,0.0,0.0,0.0,0.0,0.0,0.0,0,0.0,0.0,0.0,0.0,0.0,0.93975,3.42271,1.58979,1.58979,1e-05,1e-05,3.8550400000000002,1.58979,0.0,3.8550400000000002,1.58979,1.58979,0.14276,0.14276,0,23.1456,
U2I2N2,-0.07107000000000001,0.14159000000000002,0.10588,0.17127,0.28024,0.40506,0.0,0.39914,0.26264,0.1506,0.0,0.26811,0.05297999999999999,0.040080000000000005,0.19372,0.08942,0.15333,0.22873000000000002,0.6906,0.1978,0.6515,0.0,0.7841,0.85075,0.85075,-0.37940999999999997,0.06805,-0.54796,-0.65655,-0.67125,0.17206,-1.0,0.0,-0.42895,0.53351,0.021519999999999997,0.16221,0.27366999999999997,0.02518,0.07454,0.14811,-0.65271,0.30096,0.022690000000000002,0.0022,0.07247999999999999,0.0,0.0,0.18517999999999998,0.01346,0.01346,0.01346,0.0,0.0864,0.42213999999999996,0.18209,0.0,0.0,0,0,0.0,0.0,0.0,0.0,0.0,0.0,0.0,0.0,0.0,0.0,0.0,0.0,0.0,0.0,0,0.0,0.0,0.0,0.0,0.0,2.9288,0.9762700000000001,2.9288,2.9288,13.112829999999999,13.112829999999999,0.9762700000000001,2.9288,0.0,0.9762700000000001,2.9288,2.9288,0.1489,0.1489,0,26.22565,
As4O8,0.04085,0.03854,0.1887,0.05875,0.11224,0.12859,0.0,0.38816999999999996,0.21552,0.09337000000000001,0.0,0.0,0.48318999999999995,0.0,0.0,0.03198,0.0,0.28792,0.76903,0.09897,0.76066,0.0,0.0,0.0,0.0,-0.30784,0.00683,-0.5342399999999999,-1.0,-1.0,0.00966,-0.38034,0.0,-0.5529,0.0,0.0,0.16818,0.03864,0.007790000000000001,0.07013,0.08713,0.08269,0.38873,0.04125,9e-05,0.00505,0.0,0.0,0.02444,0.0,0.0,0.0,0.0,0.12007999999999999,0.2989,0.2624,0.0,0.0,0,0,0.0,0.0,0.0,0.0,0.0,0.0,0.0,0.0,0.0,0.0,0.0,0.0,0.0,0.0,0,0.0,0.0,0.0,0.0,0.0,-12.99792,-1.5331700000000001,-12.99792,0.0,0.0,0.0,0.0,0.0,0.0,0.0,0.0,-12.99792,0.2052,0.28726,0,25.99585,
V4F16-T1,0.0267,0.0,0.18194000000000002,0.07445,0.02912,0.20401,0.0,0.24474,0.17672000000000002,0.061020000000000005,0.0,0.29845,0.02444,0.11054000000000001,0.21354,0.004079999999999999,0.15145999999999998,0.28792,0.63964,0.19789,0.72045,0.0,0.78173,0.79825,0.79825,-0.74716,0.06642,-0.30723,-0.9625,-0.9625,0.06279,-0.38983,0.0,-0.39221999999999996,0.5178,0.0,0.10805,0.06605,0.08151,0.03009,0.048760000000000005,0.05541,0.28425,0.0098,5.9999999999999995e-05,0.04962,0.0,0.0,0.17778,0.11717000000000001,0.11717000000000001,0.11717000000000001,0.0,0.05849,0.01284,0.10046000000000001,0.0,0.0,0,0,0.0,0.0,0.0,0.0,0.0,0.0,0.0,0.0,0.0,0.0,0.0,0.0,0.0,0.0,0,0.0,0.0,0.0,0.0,0.0,2.44908,12.06012,2.44908,0.0,0.0,4.735469999999999,12.06012,2.44908,0.0,12.06012,2.44908,2.44908,0.19999,0.38699,0,24.49213,
In2Si2Te6,0.01949,0.01771,0.13639,0.18037,0.31837,0.16685,0.08999,0.44173,0.28899,0.0778,0.0,0.19864,0.0637,0.07521,0.55292,0.04954,0.0,0.25,0.71672,0.11177000000000001,0.73546,0.0,0.69182,0.86177,0.66776,-0.86021,0.04867,-0.5978600000000001,-0.66476,-0.8699,0.09929,-0.15109,0.0,-0.55253,0.47778999999999994,0.09885,0.15662,0.09782,0.1026,0.14673,0.14115,0.02925,0.42089,0.1254,0.01171,0.0016300000000000002,0.0,0.02459,0.13889,1.0,0.5111899999999999,0.02238,0.034980000000000004,0.04372,0.11502000000000001,0.20422,0.19372,0.0,0,1,0.0,0.0,6.43628,0.0,0.0,0.0,0.0,0.0,0.0,0.0,0.0,0.0,0.0,0.0,0,25.03027,0.0,0.0,0.0,0.0,3.6328,1.87835,3.0884099999999997,0.0,0.0,0.0,1.78309,3.0884099999999997,0.0,1.9167,3.31981,3.86464,0.2992,0.2992,0,23.838520000000003,
La2Te4Se2,0.02386,0.03218,0.11008,0.18055,0.12164000000000001,0.10848,0.00818,0.40597,0.32295,0.056479999999999995,0.21349,0.15527,0.047760000000000004,0.04604,0.2473,0.034960000000000005,0.42151000000000005,0.1936,0.76663,0.061860000000000005,0.6875399999999999,0.31193000000000004,0.64231,0.8236399999999999,0.70004,-0.53622,0.0265,-0.5563100000000001,-0.68529,-0.70633,0.09235,-0.10602,0.33679000000000003,-0.5514899999999999,0.5707899999999999,0.1031,0.21325,0.08843999999999999,0.06352999999999999,0.09532,0.07479,0.02891,0.38035,0.02015,0.01171,7e-05,0.00227,0.0,0.06019,0.10217999999999999,0.08743,0.07268,0.29649000000000003,0.20505,0.04019,0.21468,0.10375,2.0,0,0,0.0,0.0,0.0,0.0,0.0,0.0,0.0,0.0,0.0,0.0,0.0,0.0,0.0,0.0,0,0.0,0.0,0.0,0.0,0.0,3.26117,1.08382,3.26117,0.0,0.0,14.55674,1.08382,3.26117,0.0,1.08382,3.26117,3.26117,0.14891,0.14935,0,29.11348,
Nd1I2,0.00822,0.08685,0.11950999999999999,0.09801,0.00971,0.28762,0.0,0.39914,0.29031,0.11796,0.0,0.23861,0.07899,0.058039999999999994,0.46216999999999997,0.05504,0.36939,0.20158,0.75176,0.13664,0.69421,0.0,0.6280399999999999,0.7610100000000001,0.7610100000000001,-0.34611,0.02427,-0.54796,-0.64186,-0.72785,0.17504,-0.21224,0.0,-0.53878,0.66375,0.042960000000000005,0.26727,0.18972,0.00812,0.07211000000000001,0.13965999999999998,0.01121,0.41171,0.023719999999999998,0.0022,0.00889,0.0,0.0,0.05889,0.031580000000000004,0.031580000000000004,0.031580000000000004,0.0,0.11725999999999999,0.01344,0.14698,0.0,0.0,0,0,0.0,0.0,0.0,0.0,0.0,0.0,0.0,0.0,0.0,0.0,0.0,0.0,0.0,0.0,0,0.0,0.0,0.0,0.0,0.0,2.21326,1.23433,1.9358,3.87161,11.88787,11.88787,0.0,0.0,0.0,0.0,3.87161,3.87161,0.16284,0.16284,0,23.77573,
Ge6As6,0.04085,0.04502,0.18492999999999998,0.01468,0.1096,0.00866,0.0,0.39757,0.37253000000000003,0.05993,0.0,0.2356,0.03533,0.43333,0.48975,0.011470000000000001,0.0,0.27438,0.7430899999999999,0.02593,0.76066,0.0,0.78117,0.73416,0.73416,-0.60777,0.00492,-0.54602,-0.7235,-0.7468600000000001,0.032780000000000004,-0.38034,0.0,-0.5529,0.65941,0.01314,0.16818,0.06655,0.007790000000000001,0.05725,0.0586,0.08269,0.38873,0.13982,0.13982,0.00505,0.0,0.0,0.10528,0.38443,0.38443,0.38443,0.0,0.07326,0.00731,0.02259,0.0,0.0,0,0,0.0,0.0,0.0,0.0,0.0,0.0,0.0,0.0,0.0,0.0,0.0,0.0,0.0,0.0,0,0.0,0.0,0.0,0.0,0.0,6.304880000000001,3.44886,6.25951,0.0,0.0,0.0,0.0,0.0,0.0,2.96105,5.28254,7.236489999999999,0.26031,0.7207600000000001,0,16.396910000000002,
Sn2Se2,0.05645,0.0237,0.14153,0.0594,0.07387,0.06221,0.00162,0.42358,0.35120999999999997,0.12728,0.05424,0.15527,0.06989,0.08031,0.12765,0.00733,0.48,0.23901,0.7598199999999999,0.046310000000000004,0.76703,0.11585,0.74929,0.8489399999999999,0.70004,-0.47394,0.00173,-0.5772,-0.7032,-0.70633,0.03438,-0.1151,0.0492,-0.57006,0.59535,0.00061,0.21156,0.01964,0.04589,0.01059,0.017759999999999998,0.08775,0.38035,0.10434,0.10434,7e-05,0.07209,0.01621,0.08056,0.10217999999999999,0.09838,0.09458,0.35416,0.12767,0.02567,0.00187,0.026930000000000003,1.0,0,0,0.0,0.0,0.0,0.0,0.0,0.0,0.0,0.0,0.0,0.0,0.0,0.0,0.0,0.0,0,0.0,0.0,0.0,0.0,0.0,3.23656,1.07885,3.23656,0.0,0.0,11.374789999999999,1.07885,3.23656,0.0,1.07885,3.23656,3.23656,0.18969,0.18969,0,22.749589999999998,
Ta1Se2-T1,0.0164,0.061439999999999995,0.14572000000000002,0.05272999999999999,0.24175,0.08553,0.00131,0.38282,0.35691,0.00073,0.03942,0.15527,0.07006,0.08031,0.09567,0.00044,0.08815,0.25,0.69967,0.10645999999999999,0.7054600000000001,0.055470000000000005,0.7880199999999999,0.81709,0.70004,-0.5687800000000001,0.04525,-0.52741,-0.70633,-0.70633,0.09699999999999999,-0.38533,0.03168,-0.42931,0.43793000000000004,0.12408,0.14090999999999998,0.056960000000000004,0.02446,0.00229,0.04596,0.026869999999999998,0.33434,0.04043,0.0016300000000000002,7e-05,0.06685,0.04947,0.22221999999999997,0.10217999999999999,0.10217999999999999,0.09593,0.26838,0.10617,0.014430000000000002,0.06427000000000001,0.00266,0.0,1,0,0.0,0.0,0.0,0.0,0.0,0.0,0.0,0.0,0.0,0.0,0.0,0.0,0.0,0.0,0,0.0,0.0,0.0,0.0,0.0,2.37967,0.28997,2.12832,3.33759,11.6878,11.6878,0.9634799999999999,3.33759,0.0,-0.36835,2.05603,3.20257,0.14861,0.14861,0,23.3756,
Ti2Br6,0.0040100000000000005,0.0608,0.17870999999999998,0.03023,0.04361,0.11644000000000002,0.0,0.37705,0.50347,0.09836,0.0,0.28145,0.0209,0.08638,0.26673,0.03727,0.15971,0.26176,0.68062,0.18554,0.7156899999999999,0.0,0.75574,0.79225,0.79225,-0.72938,0.0885,-0.51993,-0.6712199999999999,-0.77368,0.19977999999999999,-0.20595,0.0,-0.43882,0.5927100000000001,0.0,0.13818,0.14069,0.011090000000000001,0.05287000000000001,0.1339,0.00777,0.29120999999999997,0.01146,0.00045,0.032080000000000004,0.0,0.0,0.15278,0.01719,0.01719,0.01719,0.0,0.05624,0.07044,0.032060000000000005,0.0,0.0,0,1,0.0,0.0,0.0,0.0,0.0,0.0,0.0,0.0,0.0,0.0,-6.71857,0.0,0.0,0.0,0,0.0,0.0,0.0,0.0,-10.2,3.5424900000000004,0.26478,3.6163800000000004,0.0,0.0,11.5063,1.59079,2.7553400000000003,0.0,1.59079,2.7553400000000003,2.7553400000000003,0.27651,0.27651,0,23.012610000000002,
Cu4H6N2O12,-0.07107000000000001,0.03773,0.17402,0.02731,0.12262,0.15311,0.0,0.39463000000000004,0.21552,0.07897,0.0,0.31065,0.02659,0.12380999999999999,0.0929,0.04219,0.24224,0.3025,0.6362300000000001,0.23176999999999998,0.7358600000000001,0.0,0.79973,0.8225899999999999,0.8225899999999999,-0.629,0.06185,-0.5423600000000001,-1.0,-1.0,0.00745,-1.0,0.0,-0.39000999999999997,0.51066,0.19180999999999998,0.09233999999999999,0.09622,0.1945,0.04021,0.10052,-0.65271,0.18939,0.09061,9e-05,0.65657,0.0,0.0,0.77778,0.14014000000000001,0.14014000000000001,0.14014000000000001,0.0,0.07703,0.20674,0.08548,0.0,0.0,0,0,0.0,0.0,0.0,0.0,0.0,0.0,0.0,0.0,0.0,0.0,0.0,0.0,0.0,0.0,0,0.0,0.0,0.0,0.0,0.0,2.73053,2.77625,2.39122,0.0,0.0,3.4321599999999997,0.0,0.0,0.0,2.7761400000000003,2.39122,2.39122,0.20665,0.22657,0,26.86842,
Mn2Sb2Se4I2,-0.05076,0.0295,0.14572000000000002,0.11391,0.19597,0.14851,0.04405,0.41401000000000004,0.35691,0.14759,0.10295,0.15527,0.02361,0.059910000000000005,0.09567,0.043989999999999994,0.1697,0.25,0.63537,0.25301999999999997,0.74105,0.059770000000000004,0.7880199999999999,0.8215899999999999,0.65198,-0.64345,0.09174,-0.56595,-0.70633,-0.78614,0.06254,-0.34276999999999996,0.11338,-0.36809000000000003,0.58107,0.07812000000000001,0.09545,0.29877,0.02446,0.08777,0.11287,-0.08332,0.38035,0.01994,0.0022,7e-05,0.14498,0.05852,0.09523999999999999,0.17817,0.10217999999999999,-0.08623,0.3649,0.06287999999999999,0.08631,0.13739,0.03143,2.5,0,0,0.0,0.0,0.0,0.0,0.0,0.0,0.0,0.0,0.0,0.0,0.0,0.0,0.0,0.0,0,0.0,0.0,0.0,0.0,0.0,-1.2631,-4.56816,-1.30725,0.0,0.0,-12.78373,0.0,0.0,0.0,-4.3465,-0.8821200000000001,-0.46687,0.15332,0.41101000000000004,0,25.57849,
Re3Te6Cl36,0.0007599999999999999,0.04774,0.14991,0.11041,0.23093000000000002,0.19902,0.0,0.40597,0.28135,0.058570000000000004,0.0,0.19864,0.08993,0.20968,0.30808,0.03312,0.08485,0.28513,0.6733600000000001,0.18714,0.68893,0.0,0.79156,0.81183,0.81183,-0.65627,0.05388,-0.5563100000000001,-0.7912600000000001,-0.7912600000000001,0.16230999999999998,-0.20770999999999998,0.0,-0.40983,0.39289,0.03257,0.11507,0.0809,0.1026,0.05781,0.04264,0.0008699999999999999,0.25978,0.006999999999999999,2.9999999999999997e-05,0.0016300000000000002,0.0,0.0,0.29365,0.004529999999999999,0.004529999999999999,0.004529999999999999,0.012459999999999999,0.06514,0.014769999999999998,0.13018,0.00381,0.0,0,1,0.0,0.0,0.0,0.0,0.0,0.0,0.0,0.0,0.0,0.0,0.0,0.0,0.0,0.0,0,0.0,0.0,0.0,0.0,0.0,4.8353,2.93005,5.05161,6.31452,10.00132,10.00132,3.64569,6.31452,0.0,3.64569,6.31452,6.06723,0.37462,0.37462,0,29.19476,
Zr1Ti1Se4,0.0040100000000000005,0.05279,0.14015999999999998,0.0724,0.09101000000000001,0.0516,0.10515,0.38282,0.35691,0.031760000000000004,0.19372999999999999,0.15527,0.0209,0.08031,0.09567,0.02434,0.15111,0.22873000000000002,0.68062,0.12552,0.69817,0.1587,0.71181,0.79225,0.70004,-0.72938,0.03809,-0.52741,-0.70633,-0.77368,0.15329,-0.10719000000000001,0.31592,-0.43882,0.5927100000000001,0.04882,0.13818,0.08603,0.02446,0.02333,0.06925,0.00777,0.29120999999999997,0.018619999999999998,0.0016300000000000002,7e-05,0.03803,0.039169999999999996,0.15278,0.14017000000000002,0.10217999999999999,0.01719,0.35925,0.05624,0.032560000000000006,0.039760000000000004,0.04501,2.0,0,0,0.0,0.0,0.0,0.0,0.0,0.0,0.0,0.0,0.0,0.0,-2.59101,0.0,0.0,0.0,0,0.0,0.0,0.0,0.0,-4.45,-0.9109700000000001,-3.44098,-0.91856,0.0,0.0,-11.59211,-4.34981,-1.12065,0.0,-3.2743,-0.90215,-0.72173,0.15847999999999998,0.2753,0,23.18454,
Np2Br6,0.0050799999999999994,0.0,0.11217,0.04469,0.08366,0.28841999999999995,0.0,0.37705,0.50347,0.05384,0.0,0.0,0.0,0.0,0.0,0.03366,0.0,0.3025,0.6805399999999999,0.18561,0.71618,0.0,0.0,0.0,0.0,0.11349000000000001,0.07807,-0.51993,-0.6712199999999999,-0.68237,0.17338,-0.20595,0.0,-0.41883000000000004,0.0,0.0,0.15052000000000001,0.12019,0.0,0.054270000000000006,0.02281,0.00643,0.43343000000000004,0.0038200000000000005,0.00045,0.0,0.0,0.0,0.00151,0.0,0.0,0.0,0.0,0.08369,0.024,0.07935,0.0,0.0,0,0,0.0,0.0,0.0,0.0,0.0,0.0,0.0,0.0,0.0,0.0,0.0,0.0,0.0,0.0,0,0.0,0.0,0.0,0.0,0.0,5.52073,1.01142,5.38008,6.854080000000001,12.24722,0.0,0.0,0.0,0.0,0.0,0.0,0.0,0.16517,0.3731,0,24.49444,
Cu1Bi1P2Se6,0.0379,0.035710000000000006,0.1279,0.1152,0.27154,0.09762,0.0054600000000000004,0.90271,0.35691,0.06172999999999999,0.16693,0.15527,0.03723,0.08031,0.09567,0.05119,0.24224,0.22873000000000002,0.6362300000000001,0.18714,0.732,0.6409600000000001,0.74142,0.8225899999999999,0.70004,-0.629,0.06331,-0.94963,-0.70633,-0.8140000000000001,0.06297,-0.7057399999999999,0.22291999999999998,-0.39000999999999997,0.51066,0.05736,0.09233999999999999,0.06932,0.02446,0.03174,0.06347,0.06784,0.3315,0.058660000000000004,0.0016300000000000002,7e-05,0.09795,0.034319999999999996,0.77778,0.14014000000000001,0.10217999999999999,0.10217999999999999,0.30768,0.07703,0.08249,0.08676,0.01223,2.0,0,1,0.0,0.0,0.0,0.0,0.0,0.0,0.0,0.0,0.0,0.0,0.0,0.0,0.0,0.0,0,0.0,0.0,0.0,0.0,0.0,3.8633699999999997,1.11113,3.8050699999999997,1.9025299999999998,11.73439,11.73439,0.0,0.0,0.0,0.39114,3.8284800000000003,4.6449300000000004,0.28081999999999996,0.28081999999999996,0,23.46879,
Pd2Se2O6,0.02854,0.05798,0.1258,0.14382999999999999,0.12685,0.22313000000000002,0.00295,0.39645,0.21552,0.1348,0.12912,0.15527,0.04455,0.08031,0.12603,0.05314,0.21796,0.28792,0.67778,0.19022,0.70712,0.2466,0.78597,0.80689,0.70004,-0.61928,0.04802,-0.5446300000000001,-1.0,-1.0,0.05585,-0.18565,0.14212,-0.42103,0.43843999999999994,0.05139,0.11117,0.08909,0.05341,0.032760000000000004,0.10045,0.03968,0.36614,0.0239,9e-05,7e-05,0.13519,0.03134,0.1,0.10217999999999999,0.09566000000000001,0.08914,0.3799,0.10642,0.31816,0.10717,0.01028,5.0,0,0,0.0,0.0,0.0,0.0,0.0,0.0,0.0,0.0,-0.09591000000000001,-25.97374,0.0,0.0,0.0,0.0,0,0.0,0.0,0.0,-7.1618,0.0,0.0,-2.46999,0.0,0.0,0.0,-12.18544,0.0,0.0,0.0,-2.8239400000000003,0.0,0.0,0.20031,0.20031,0,24.37143,
Pb2,0.01848,0.0,0.1258,0.0,0.0,0.0,0.0,0.94545,0.21993000000000001,0.0,0.0,0.30096,0.16034,0.08997000000000001,0.13622,0.0,0.8609399999999999,0.22873000000000002,0.77952,0.0,0.73485,0.0,0.73282,0.82605,0.82605,-0.32022,0.0,-0.97239,-0.66938,-0.66938,0.0,-0.10777,0.0,-0.58513,0.50283,0.0,0.23714000000000002,0.0,0.00705,0.0,0.0,0.02547,0.52273,0.12197000000000001,0.12197000000000001,0.00707,0.0,0.0,0.06389,0.023569999999999997,0.023569999999999997,0.023569999999999997,0.0,0.24436,0.0,0.0,0.0,0.0,0,0,0.0,0.0,0.0,0.0,0.0,0.0,0.0,0.0,0.0,0.0,0.0,0.0,0.0,0.0,0,0.0,0.0,0.0,0.0,0.0,1.54969,0.94027,1.54969,1.54969,6.3101400000000005,6.3101400000000005,0.94027,1.54969,0.0,0.94027,1.54969,1.54969,0.27645,0.27668000000000004,0,12.620280000000001,
Mn1I2,-0.05076,0.02597,0.1581,0.13872,0.0030399999999999997,0.015340000000000001,0.0,0.39914,0.29031,0.035289999999999995,0.0,0.27088,0.02361,0.059910000000000005,0.07302,0.04547,0.1697,0.28792,0.63537,0.25301999999999997,0.8122699999999999,0.0,0.8416100000000001,0.8215899999999999,0.8215899999999999,-0.64345,0.13215,-0.54796,-0.64186,-0.78614,0.08075,-0.21224,0.0,-0.36809000000000003,0.58107,0.06917999999999999,0.09545,0.43341,-0.23972,0.11792000000000001,0.16462000000000002,-0.08332,0.71245,0.00512,0.0022,0.0195,0.0,0.0,0.09523999999999999,-0.08623,-0.08623,-0.08623,0.0,0.06287999999999999,0.12259,0.07381,0.0,0.0,0,1,0.0,0.0,0.0,0.0,0.0,0.0,0.0,0.0,0.0,0.0,0.0,0.0,0.0,0.0,0,0.0,0.0,0.0,0.0,0.0,2.1890400000000003,1.21454,2.14304,0.0,0.0,11.66015,0.0,0.0,0.0,2.0621400000000003,3.57174,3.57174,0.17685,0.17685,1,23.3203,
Mg1Al2H8,-0.01624,0.09117,0.27878000000000003,0.0053100000000000005,0.024419999999999997,0.00635,0.14407,0.47542,0.64472,0.013330000000000002,0.00893,0.27825,0.01948,0.014980000000000002,0.09333,0.01974,0.3053,0.25,0.64986,0.1514,0.77657,0.21591,0.7994600000000001,0.8528700000000001,0.77908,-0.76378,0.031239999999999997,-0.6340399999999999,-0.92861,-0.92861,0.01241,-0.16111,0.0485,-0.48916000000000004,0.6471100000000001,0.13577999999999998,0.12987,0.0559,0.036680000000000004,0.013430000000000001,0.04571,-0.05033,0.18939,0.12069,0.00039,0.09091,0.04487,0.0001,0.14074,0.03506,0.03506,-0.02414,0.00245,0.04782,0.07754,0.11432,0.01609,0.0,0,1,0.0,0.0,0.0,0.0,0.0,0.0,0.0,0.0,0.0,0.0,0.0,0.0,0.0,0.0,0,0.0,0.0,0.0,0.0,0.0,2.36242,1.66641,0.0,0.0,0.0,13.38119,1.30033,2.25224,0.0,1.75453,3.03893,2.80008,0.19435,0.19435,1,26.76238,
Zn1Cl2,0.0,0.030719999999999997,0.1823,0.0727,0.02412,0.11760999999999999,0.0,0.41907,0.28135,0.01619,0.0,0.29147,0.03816,0.07379,0.06539,0.09279,0.31745999999999996,0.27438,0.7075,0.153,0.70608,0.0,0.8036800000000001,0.7884800000000001,0.7884800000000001,-0.52258,0.09857,-0.57194,-0.7912600000000001,-0.7912600000000001,0.0,-0.20770999999999998,0.0,-0.46693999999999997,0.61942,0.0,0.11896,0.13248,0.0,0.036910000000000005,0.00969,0.0,0.25647,0.06761,2.9999999999999997e-05,0.15818,0.0,0.0,0.19444,0.0,0.0,0.0,0.0,0.09877999999999999,0.07714,0.08631,0.0,0.0,0,0,0.0,0.0,0.0,0.0,0.0,0.0,0.0,0.0,0.0,0.0,0.0,0.0,0.0,0.0,0,0.0,0.0,0.0,0.0,0.0,2.52219,1.35341,1.82928,0.0,0.0,11.37068,1.82928,1.82928,0.0,1.82928,1.82928,1.82928,0.16088,0.16088,0,22.74137,
Pd4I8,0.02854,0.0701,0.1258,0.06919,0.00217,0.20822,0.0,0.39914,0.29031,0.11603,0.0,0.30109,0.04455,0.15738,0.15639,0.03161,0.21796,0.28792,0.67778,0.21061999999999997,0.70712,0.0,0.78597,0.80689,0.80689,-0.61928,0.11585999999999999,-0.54796,-0.64186,-0.64186,0.10868,-0.21224,0.0,-0.42103,0.43843999999999994,0.012620000000000001,0.11117,0.2299,0.08235,0.045810000000000003,0.07728,0.03968,0.36614,0.04068,0.0022,0.11,0.0,0.0,0.1,0.08914,0.08914,0.08914,0.0,0.10642,0.08031,0.08154,0.0,0.0,0,0,0.0,0.0,0.0,0.0,0.0,0.0,0.0,0.0,-0.39119,-2.44021,0.0,0.0,0.0,0.0,0,0.0,0.0,0.0,0.9365,0.0,-4.23921,-12.58407,-4.23921,0.0,0.0,-3.4963900000000003,0.0,0.0,0.0,-12.584060000000001,-4.23921,-4.23921,0.27595,0.33447,0,25.34902,
Ni1Te2,0.05874,0.01704,0.14991,0.19785,0.32603000000000004,0.11235,0.0,0.40597,0.28899,0.058039999999999994,0.0,0.19864,0.02791,0.13859000000000002,0.10602,0.02455,0.16822,0.28513,0.62238,0.20611,0.73015,0.0,0.8092699999999999,0.82275,0.82275,-0.688,0.12287000000000001,-0.5563100000000001,-0.66476,-0.73441,0.05455,-0.20269,0.0,-0.3869,0.51071,0.10152,0.08557999999999999,0.049980000000000004,0.1026,0.04657,0.10590999999999999,0.10676,0.32323,0.04596,0.01171,0.0016300000000000002,0.0,0.0,0.1,0.16158,0.16158,0.16158,0.058339999999999996,0.05541,0.13358,0.14134000000000002,0.00745,0.0,1,0,0.0,0.0,0.0,0.0,0.0,0.0,0.0,1.72744,0.0,0.0,0.0,0.0,0.0,0.0,0,0.0,0.0,0.0,0.0,0.0,0.9255700000000001,2.64167,0.95542,0.0,0.0,-1e-05,0.0,0.0,-1e-05,4.05436,1.67199,1.3703299999999998,0.14934,0.14934,0,23.2706,
Zr1S2,0.02168,0.06116,0.14015999999999998,0.0373,0.00875,0.14243,0.0,0.39608000000000004,0.44178999999999996,0.0475,0.0,0.2603,0.027989999999999998,0.13033,0.53027,0.00743,0.15111,0.22873000000000002,0.7198399999999999,0.08703999999999999,0.69817,0.0,0.71181,0.78373,0.78373,-0.3006,0.01081,-0.54418,-0.8313799999999999,-0.8313799999999999,0.07537,-0.1116,0.0,-0.48196000000000006,0.0,0.0,0.18208,0.02725,0.03515,0.01715,0.015269999999999999,0.03343,0.34109,0.02065,0.00061,0.01949,0.0,0.0,0.00713,0.14017000000000002,0.14017000000000002,0.14017000000000002,0.0,0.07914,0.09667,0.08236,0.0,0.0,1,0,0.0,0.0,0.0,0.0,0.0,0.0,0.0,0.0,0.0,0.0,0.0,0.0,0.0,0.0,0,0.0,0.0,0.0,0.0,0.0,0.8842200000000001,3.37471,1.6908,0.0,0.0,-4e-05,4.10009,1.6908,0.0,4.10009,1.6908,1.6908,0.15164,0.15164,0,23.17565,
Cu2Te2-T1,0.06273,0.0,0.14991,0.21188,0.28772,0.09694,0.0,0.40597,0.38174,0.061439999999999995,0.0,0.19864,0.03723,0.12380999999999999,0.0929,0.0122,0.24224,0.28513,0.6362300000000001,0.19226,0.7358600000000001,0.0,0.79973,0.8225899999999999,0.8225899999999999,-0.629,0.12193,-0.5563100000000001,-0.70117,-0.73757,0.05649,-0.14753,0.0,-0.39000999999999997,0.51066,0.10342,0.09233999999999999,0.0567,0.14855,0.061970000000000004,0.10965,0.12005999999999999,0.3315,0.27723000000000003,0.27723000000000003,0.0016300000000000002,0.0,0.0,0.77778,0.14014000000000001,0.14014000000000001,0.14014000000000001,0.059160000000000004,0.07703,0.13681,0.15344000000000002,0.01365,0.0,0,0,0.0,0.0,0.0,0.0,0.0,0.0,0.0,0.0,0.0,0.0,0.0,0.0,0.0,0.0,0,0.0,0.0,0.0,0.0,0.0,2.98435,0.82132,2.98435,0.0,0.0,11.9615,0.0,0.0,0.0,0.82132,2.98435,2.98435,0.13733,0.16633,0,23.923000000000002,
Co1I2,0.03367,0.00782,0.1581,0.13046,0.0031899999999999997,0.10690999999999999,0.0,0.39914,0.29031,0.21808000000000002,0.0,0.33241,0.0279,0.12857000000000002,0.11060999999999999,0.05609,0.1786,0.2995,0.6292300000000001,0.25916999999999996,0.6882199999999999,0.0,0.79586,0.8214,0.8214,-0.68805,0.14739000000000002,-0.54796,-0.64186,-0.7206199999999999,0.10528,-0.21224,0.0,-0.36491999999999997,0.50492,0.06155,0.08662,0.19161,0.16784000000000002,0.04148,0.15155,0.05981,0.23049,0.0439,0.0022,0.26389,0.0,0.0,0.11110999999999999,0.09547,0.09547,0.09547,0.0,0.05927,0.15247,0.09965,0.0,0.0,0,1,0.0,0.0,0.0,0.0,0.0,0.0,0.0,0.0,0.0,0.0,0.0,0.0,0.0,0.0,0,0.0,0.0,0.0,0.0,0.0,1.29675,0.7956,1.25778,0.0,0.0,11.53477,0.0,0.0,11.53477,0.0,0.0,0.0,0.16998,0.16998,1,23.06955,
Cu2I2-T1,0.06273,0.0,0.1581,0.15611,0.00322,0.12729000000000001,0.0,0.39914,0.3824,0.19302,0.0,0.31065,0.03723,0.12380999999999999,0.0929,0.04622,0.24224,0.2995,0.6362300000000001,0.25217,0.7358600000000001,0.0,0.79973,0.8225899999999999,0.8225899999999999,-0.629,0.14843,-0.54796,-0.68971,-0.73757,0.07948,-0.21224,0.0,-0.39000999999999997,0.51066,0.05882999999999999,0.09233999999999999,0.15529,0.1945,0.02556,0.16552999999999998,0.12005999999999999,0.3315,0.27248,0.27248,0.65657,0.0,0.0,0.77778,0.14014000000000001,0.14014000000000001,0.14014000000000001,0.0,0.07703,0.16385,0.10346,0.0,0.0,0,1,0.0,0.0,0.0,0.0,0.0,0.0,0.0,0.0,0.0,0.0,0.0,0.0,0.0,0.0,0,0.0,0.0,0.0,0.0,0.0,2.3868099999999997,2.06704,2.3868099999999997,0.0,0.0,13.807120000000001,0.0,0.0,0.0,2.06704,2.3868099999999997,2.3868099999999997,0.17365999999999998,0.17365999999999998,1,23.80528,
Co1Te1O4,0.03367,0.08155,0.14991,0.17354,0.21909,0.21555,0.0,0.40597,0.21552,0.1127,0.0,0.19864,0.0279,0.12857000000000002,0.11060999999999999,0.05045,0.1786,0.28513,0.6292300000000001,0.23876999999999998,0.6882199999999999,0.0,0.79586,0.8214,0.8214,-0.68805,0.07745,-0.5563100000000001,-1.0,-1.0,0.054720000000000005,-0.14407,0.0,-0.36491999999999997,0.50492,0.10985999999999999,0.08662,0.1284,0.13522,0.08497,0.10094,0.05981,0.23049,0.02323,9e-05,0.0016300000000000002,0.0,0.0,0.11110999999999999,0.09547,0.09547,0.09547,0.062439999999999996,0.05927,0.29632,0.20179,0.00727,0.0,0,0,0.0,0.0,0.0,0.0,0.0,0.0,0.0,0.0,0.0,0.0,0.0,0.0,0.0,0.0,0,0.0,0.0,0.0,0.0,0.0,-0.72877,-2.50066,-0.6266,0.0,0.0,-10.9062,0.0,0.0,-10.9062,-1.12991,-1.5217399999999999,-1.2620799999999999,0.13882,0.24552,0,21.92375,
In2Se2-T1,0.01949,0.03495,0.13639,0.14444,0.12616,0.07508,0.07189,0.43518999999999997,0.36165,0.07595,0.0,0.15527,0.07006,0.07521,0.10076,0.02122,0.5703699999999999,0.25,0.71672,0.08942,0.73546,0.0,0.69182,0.86177,0.70004,-0.12579,0.00556,-0.5905100000000001,-0.72741,-0.7485,0.12104000000000001,-0.15109,0.0,-0.5574600000000001,0.9275,0.01818,0.20467,0.06604,0.014790000000000001,0.03271,0.07812999999999999,0.02925,0.38035,0.12412999999999999,0.12412999999999999,7e-05,0.0,0.02625,0.007690000000000001,0.10217999999999999,0.062279999999999995,0.02238,0.28891999999999995,0.17873,0.025810000000000003,0.03178,0.21677,1.0,1,0,0.0,0.0,0.0,0.0,0.0,0.0,0.0,0.0,0.0,0.0,0.0,0.0,0.0,0.0,0,25.0002,0.0,0.0,0.0,0.0,2.83773,1.20502,2.9354,0.0,0.0,12.68348,2.0337,3.5224800000000003,0.0,0.9447399999999999,2.89377,2.96335,0.16034,0.16034,0,25.366970000000002,
Zn1Cu3H6Cl2O6,0.0,0.03644,0.17402,0.05778,0.029160000000000002,0.15916,0.0,0.41907,0.24844000000000002,0.07925,0.07658999999999999,0.29147,0.02659,0.07379,0.0929,0.06626,0.24224,0.27438,0.6362300000000001,0.23176999999999998,0.70608,0.1403,0.79973,0.8225899999999999,0.7884800000000001,-0.629,0.07531,-0.57194,-0.8956299999999999,-1.0,0.06062000000000001,-0.20770999999999998,0.08801,-0.39000999999999997,0.51066,0.18185,0.09233999999999999,0.11210999999999999,0.1945,0.043210000000000005,0.13959000000000002,0.0,0.18939,0.10189,0.00039,0.15818,0.012629999999999999,0.04675,0.77778,0.14014000000000001,0.14014000000000001,0.0,0.0019100000000000002,0.07703,0.29796,0.10929000000000001,0.0135,0.0,0,1,0.0,0.0,0.0,0.0,0.0,0.0,0.0,0.0,0.0,0.0,0.0,0.0,0.0,0.0,0,0.0,0.0,0.0,0.0,0.0,2.89941,2.04307,4.08139,0.0,0.0,12.16956,3.14186,5.44185,0.0,2.4914099999999997,4.31525,4.0212900000000005,0.25816999999999996,0.25816999999999996,1,24.33912,
Si6Sb6,0.05317,0.0231,0.14572000000000002,0.01611,0.017269999999999997,0.16809000000000002,0.0095,0.44173,0.38982,0.09548,0.0,0.21941,0.06221,0.25325,0.67825,0.048260000000000004,0.0,0.25,0.72865,0.07393,0.74105,0.0,0.72469,0.66776,0.65198,-0.86021,0.04743,-0.5978600000000001,-0.7694,-0.8699,0.01595,-0.34276999999999996,0.0,-0.55253,0.47778999999999994,0.013009999999999999,0.15662,0.01376,0.0744,0.16632,0.1441,0.08565,0.45556,0.21427,0.21427,0.016669999999999997,0.015030000000000002,0.00953,0.13889,1.0,0.58908,0.17817,0.00217,0.04372,0.14201,0.10693,0.08498,0.0,0,0,0.0,0.0,7.14756,0.0,0.0,0.0,0.0,0.0,0.0,0.0,0.0,0.0,0.0,0.0,0,0.0,0.0,0.0,0.0,0.0,-0.8491299999999999,-4.920719999999999,-1.00552,0.0,0.0,0.0,0.0,0.0,0.0,-4.92788,-0.9414399999999999,-0.85108,0.16037,0.46437,0,25.07959,
Ta4Te10Pd6,0.0164,0.09855,0.1258,0.1163,0.33703,0.01462,0.00164,0.40597,0.28899,0.041530000000000004,0.16748,0.19864,0.04455,0.14739000000000002,0.15639,0.01977,0.08815,0.25,0.67778,0.15070999999999998,0.7054600000000001,0.30207,0.78597,0.81709,0.80689,-0.61928,0.08847999999999999,-0.5563100000000001,-0.66476,-0.70045,0.10013999999999999,-0.38533,0.1738,-0.42103,0.43793000000000004,0.06131,0.11117,0.13565,0.09247999999999999,0.08213,0.02445,0.026869999999999998,0.33434,0.06475,0.06467,0.0016300000000000002,0.06299,0.0207,0.22221999999999997,0.09593,0.08914,0.08914,0.06988,0.10617,0.05508,0.13438,0.028419999999999997,0.0,0,0,0.0,0.0,0.0,0.0,0.0,0.0,0.0,0.0,0.18114,-9.94025,0.0,0.0,0.0,0.0,0,0.0,0.0,0.0,7.24305,0.0,-12.13603,-0.93629,-12.13603,-12.13603,-8.58313,-9.57068,-0.93629,-12.13603,0.0,-0.93629,-12.13603,-12.13603,0.1543,0.77156,0,24.27205,
Sc2H2O4,0.00954,0.10402,0.16574,0.05237000000000001,0.056179999999999994,0.23861,0.0,0.26269000000000003,0.21552,0.08096,0.0,0.32766,0.02659,0.05462,0.31704,0.01272,0.16275,0.22873000000000002,0.72883,0.13917000000000002,0.72027,0.0,0.7579199999999999,0.78046,0.78046,-0.67291,0.00722,-0.34205,-1.0,-1.0,0.11900999999999999,-0.11145999999999999,0.0,-0.5043300000000001,0.0,0.21458000000000002,0.14831,0.0383,0.01693,0.00778,0.08957000000000001,0.01813,0.18939,0.011590000000000001,0.00023999999999999998,0.015030000000000002,0.0,0.0,0.10482000000000001,0.03449,0.03449,0.03449,0.0,0.0656,0.31948000000000004,0.10855999999999999,0.0,0.0,0,0,0.0,0.0,0.0,0.0,0.0,0.0,0.0,0.0,0.0,0.0,0.0,0.0,0.0,0.0,0,0.0,0.0,0.0,0.0,0.0,-13.0313,-0.8195899999999999,-13.0313,0.0,0.0,-2.03463,-0.8195899999999999,-13.0313,0.0,-0.8195899999999999,-13.0313,-13.0313,0.12579,0.15404,0,26.06259,
Ti4Ag4P4S22,0.0040100000000000005,0.05201,0.13104000000000002,0.06196,0.18255,0.12533,0.10389000000000001,0.42376,0.44178999999999996,0.06803,0.09739,0.28145,0.0209,0.08638,0.19194,0.04489,0.15971,0.26176,0.68062,0.14275,0.7156899999999999,0.4515,0.75574,0.81822,0.79225,-0.72938,0.04086,-0.5774199999999999,-0.8313799999999999,-0.8313799999999999,0.12929000000000002,-0.7057399999999999,0.19329000000000002,-0.43882,0.5082899999999999,0.01023,0.13338,0.0767,0.07109,0.02692,0.04093,0.00777,0.29120999999999997,0.10486,0.00061,0.032080000000000004,0.07024,0.00877,0.55556,0.12915,0.07317,0.01719,0.00441,0.05624,0.05549,0.08905,0.007659999999999999,0.0,0,0,0.0,0.0,0.0,0.0,0.0,0.0,0.0,0.0,0.0,0.0,-11.092830000000001,0.0,0.0,0.0,0,0.0,0.0,0.0,0.0,-17.46,-2.18173,-4.07836,-2.0024900000000003,0.0,0.0,-25.71066,-4.20338,-3.43285,0.0,-4.25715,-2.2532,-2.71695,0.21850999999999998,0.27105,0,31.4204,
Eu2I2O2,0.00589,0.09823,0.1258,0.15075999999999998,0.015359999999999999,0.31356999999999996,0.0,0.39914,0.29031,0.23848000000000003,0.0,0.0,0.48318999999999995,0.01592,0.17845,0.08063,0.1542,0.21006999999999998,0.81018,0.07821,0.7266600000000001,0.0,0.8590200000000001,0.8239,0.8239,-0.10511,0.07399,-0.54796,-0.7339399999999999,-1.0,0.17244,-0.21224,0.0,-0.62146,0.0,0.00843,0.22546,0.24026,0.00256,0.07359,0.16382,0.00851,0.5079899999999999,0.026560000000000004,0.0022,0.00322,0.0,0.0,0.015369999999999998,0.0062,0.0062,0.0062,0.0,0.16624,0.37388000000000005,0.18498,0.0,0.0,0,0,0.0,0.0,0.0,0.0,0.0,0.0,0.0,0.0,0.0,0.0,0.0,0.0,0.0,0.0,0,0.0,0.0,0.0,0.0,0.0,1.00355,1.00355,1.00355,1.00355,13.058869999999999,13.058869999999999,0.0,0.0,0.0,1.00355,1.00355,1.00355,0.1537,0.1537,0,26.117739999999998,
Ge2Sb2,0.05317,0.025769999999999998,0.14572000000000002,0.025,0.08325,0.08225,0.0062,0.41401000000000004,0.3379,0.00236,0.0,0.21941,0.03533,0.25325,0.42313,0.02698,0.0,0.25,0.7430899999999999,0.05948,0.74105,0.0,0.78117,0.73416,0.65198,-0.60777,0.033139999999999996,-0.56595,-0.7078800000000001,-0.7468600000000001,0.00759,-0.34276999999999996,0.0,-0.56282,0.65941,0.00455,0.17701,0.00511,0.06974,0.06287000000000001,0.08872999999999999,0.08565,0.45556,0.11969,0.11969,0.016669999999999997,0.00054,0.00233,0.10528,0.38443,0.2813,0.17817,0.0,0.07326,0.04262,0.02806,0.0,0.0,1,0,0.0,0.0,0.0,0.0,0.0,0.0,0.0,0.0,0.0,0.0,0.0,0.0,0.0,0.0,0,0.0,0.0,0.0,0.0,0.0,5.55347,2.38482,5.52722,0.0,0.0,0.0,0.0,0.0,0.0,2.25257,6.06911,7.36963,0.52248,0.52248,0,24.43059,
Cu2Ge2O6,0.06257,0.07439,0.17402,0.059860000000000003,0.01163,0.15894,0.009340000000000001,0.39757,0.21552,0.12983,0.0,0.2356,0.03533,0.12380999999999999,0.29131999999999997,0.040780000000000004,0.24224,0.27438,0.6362300000000001,0.23176999999999998,0.7358600000000001,0.0,0.78117,0.8225899999999999,0.73416,-0.629,0.06171,-0.54602,-1.0,-1.0,0.01759,-0.14753,0.0,-0.39000999999999997,0.51066,0.07555,0.09233999999999999,0.10953,0.1945,0.10330999999999999,0.03069,0.12005999999999999,0.3315,0.13982,9e-05,0.65657,0.13804,0.04471,0.77778,0.38443,0.26229,0.14014000000000001,0.0,0.07326,0.27937,0.20242000000000002,0.0,0.0,0,0,0.0,0.0,0.0,0.0,0.0,0.0,0.0,0.0,0.0,0.0,0.0,0.0,0.0,0.0,0,0.0,0.0,0.0,0.0,0.0,-0.95201,-3.60355,-0.7451300000000001,0.0,0.0,-13.02287,0.0,0.0,0.0,-2.7580299999999998,-0.3974,0.0,0.11442999999999999,0.33439,0,26.04575,
Ba2Al4Cl16,0.00734,0.05993,0.10588,0.14278,0.12762,0.22011,0.09806000000000001,0.47542,0.28135,0.12397000000000001,0.0,0.23371,0.02364,0.01803,0.09333,0.01287,0.3053,0.16598,0.64986,0.21065,0.71663,0.0,0.75938,0.8528700000000001,0.77163,-0.76378,0.0861,-0.6340399999999999,-0.7912600000000001,-0.92861,0.16817000000000001,-0.20770999999999998,0.0,-0.48916000000000004,0.6471100000000001,0.0936,0.12987,0.06815,0.036680000000000004,0.02507,0.12480999999999999,0.00869,0.3905,0.09348,2.9999999999999997e-05,0.00295,0.10928,0.09326,0.14074,0.03506,0.03506,0.01314,0.00372,0.04782,0.14378,0.032760000000000004,0.07964,0.0,0,0,0.0,0.0,0.0,0.0,0.0,0.0,0.0,0.0,0.0,0.0,0.0,0.0,0.0,0.0,0,0.0,0.0,0.0,0.0,0.0,3.5467800000000005,11.50056,0.0,0.0,0.0,6.108630000000001,11.50056,3.5467800000000005,0.0,11.50056,3.5467800000000005,3.5467800000000005,0.27871,0.48958,0,25.45174,
Mg1Cl2,-0.01624,0.00782,0.27878000000000003,0.17076,0.056470000000000006,0.11412,0.0,0.37993000000000005,0.28135,0.03612,0.0,0.27825,0.01948,0.014980000000000002,0.1217,0.00197,0.31111,0.25,0.74217,0.11832999999999999,0.77657,0.0,0.7994600000000001,0.77908,0.77908,-0.74457,0.05271,-0.52369,-0.7912600000000001,-0.85339,0.18716,-0.20770999999999998,0.0,-0.53167,0.72625,0.0,0.18182,0.18953,-0.01743,0.04579,0.11669000000000002,-0.05033,0.32424000000000003,0.14251,2.9999999999999997e-05,0.09091,0.0,0.0,0.125,-0.02414,-0.02414,-0.02414,0.0,0.06564,0.09096,0.09637000000000001,0.0,0.0,0,1,0.0,0.0,0.0,0.0,0.0,0.0,0.0,0.0,0.0,0.0,0.0,0.0,0.0,0.0,0,0.0,0.0,0.0,0.0,0.0,1.89399,1.1396600000000001,0.0,0.0,0.0,11.37324,0.0,0.0,0.0,1.8158,3.14506,3.14506,0.15966,0.15966,1,22.74648,
U2Se2O10,0.0050799999999999994,0.054529999999999995,0.10588,0.13721,0.13982999999999998,0.31969000000000003,0.13287000000000002,0.38282,0.21552,0.10848,0.1266,0.15527,0.05297999999999999,0.040080000000000005,0.1447,0.053779999999999994,0.15333,0.22873000000000002,0.6906,0.1774,0.6515,0.38349,0.7841,0.85075,0.70004,-0.37940999999999997,0.01734,-0.52741,-1.0,-1.0,0.10051,-0.1536,0.13827,-0.42895,0.53351,0.04326,0.16221,0.07942,0.02482,0.02479,0.09935,0.006220000000000001,0.30096,0.00969,9e-05,7e-05,0.08057,0.02814,0.18517999999999998,0.10217999999999999,0.05782,0.01346,0.38083,0.0864,0.31474,0.06672,0.01853,3.0,0,0,0.0,0.0,0.0,0.0,0.0,0.0,0.0,0.0,0.0,0.0,0.0,0.0,0.0,0.0,0,0.0,0.0,0.0,0.0,0.0,4.5936900000000005,1.8194599999999999,4.49,2.3519099999999997,11.568480000000001,11.568480000000001,1.8194599999999999,2.3519099999999997,0.0,1.8194700000000001,4.06154,2.4597900000000004,0.18594000000000002,0.40644,0,23.14651,
Pr4Br10,0.04883,0.08805,0.11740999999999999,0.02108,0.00716,0.30091,0.0,0.37705,0.50347,0.01103,0.0,0.22739,0.0711,0.08316,0.6692899999999999,0.01885,0.3801,0.19833,0.7519399999999999,0.11420999999999999,0.6924899999999999,0.0,0.57029,0.73432,0.73432,-0.3312,0.02162,-0.51993,-0.6712199999999999,-0.72587,0.059820000000000005,-0.20595,0.0,-0.53895,0.67572,0.0,0.25688,0.27194,0.04344,0.03938,0.10099,0.06522,0.4162,0.015069999999999998,0.00045,0.0061200000000000004,0.0,0.0,0.053329999999999995,0.26866999999999996,0.26866999999999996,0.26866999999999996,0.0,0.12455999999999999,0.00499,0.08971,0.0,0.0,0,0,0.0,0.0,0.0,0.0,0.0,0.0,0.0,0.0,0.0,0.0,0.0,0.0,0.0,0.0,0,0.0,0.0,0.0,0.0,0.0,-2.06675,-4.52117,-2.06675,-2.06675,-11.37583,-11.37583,0.0,0.0,0.0,-3.6004,-2.06675,-2.06675,0.1757,0.66746,0,23.52617,
Ge1Te1-T1,0.06257,0.00148,0.14991,0.1606,0.3061,0.12869,0.0,0.40597,0.33005999999999996,0.00634,0.0,0.19864,0.03533,0.43333,0.48975,0.04147,0.0,0.27438,0.7430899999999999,0.08539,0.7427699999999999,0.0,0.78117,0.73416,0.73416,-0.60777,0.04657,-0.5563100000000001,-0.70581,-0.7468600000000001,0.0423,-0.14301,0.0,-0.56282,0.5707899999999999,0.027860000000000003,0.17701,0.06496,0.1026,0.01595,0.10428,0.12484,0.42089,0.08388999999999999,0.08388999999999999,0.0016300000000000002,0.0,0.0,0.10528,0.38443,0.38443,0.38443,0.0,0.07326,0.04629,0.013730000000000001,0.0,0.0,0,1,0.0,0.0,0.0,0.0,0.0,0.0,0.0,0.0,0.0,0.0,0.0,0.0,0.0,0.0,0,0.0,0.0,0.0,0.0,0.0,2.81376,0.71523,2.84578,0.0,0.0,0.0,0.0,0.0,0.0,1.9716099999999999,3.4149300000000005,2.27662,0.18359,0.18359,0,21.47866,
Nb2Co4O9,0.03367,0.08256000000000001,0.14257,0.0998,0.07764,0.22566,0.01259,0.34146,0.21552,0.077,0.0881,0.27052,0.0279,0.1272,0.11060999999999999,0.03321,0.1393,0.26176,0.6292300000000001,0.23876999999999998,0.6882199999999999,0.1211,0.7849,0.82305,0.8214,-0.68805,0.07357000000000001,-0.47113,-1.0,-1.0,0.02534,-0.40596,0.18799000000000002,-0.36491999999999997,0.46665,0.08868999999999999,0.08662,0.15336,0.16784000000000002,0.05595,0.03973,0.05981,0.23049,0.04888,9e-05,0.07159,0.07708999999999999,0.04793,0.18889,0.22915,0.09547,0.09547,0.00037,0.05927,0.2637,0.11005999999999999,0.055529999999999996,0.0,0,1,0.0,0.0,0.0,0.0,0.0,0.0,0.0,0.0,0.0,0.0,0.0,0.0,0.0,0.0,0,0.0,0.0,0.0,0.0,0.0,2.20153,1.8436400000000002,2.7613,0.0,0.0,10.000639999999999,2.60875,4.51849,10.000860000000001,1.5903200000000002,2.75452,2.7128200000000002,0.19527,0.19527,0,26.719490000000004,
Y2C2I2,0.015580000000000002,0.04899,0.13314,0.17964000000000002,0.20735,0.25842,0.03182,0.39914,0.38518,0.14717,0.0,0.25633,0.00598,0.05256,0.28248,0.08856,0.19895,0.21006999999999998,0.64908,0.23931,0.70632,0.0,0.71322,0.82516,0.79814,-0.61452,0.15865,-0.54796,-0.6836399999999999,-0.72543,0.13954,-0.21224,0.0,-0.44938999999999996,0.67752,0.03398,0.0687,0.21118,0.0236,0.43157,0.19379000000000002,0.02361,0.29012,0.0696,0.06525,0.01379,0.015059999999999999,0.16927999999999999,0.0763,0.33261999999999997,0.19341,0.054189999999999995,0.0,0.01747,0.0216,0.34726999999999997,0.0,0.0,0,0,0.0,0.0,0.0,0.0,0.0,0.0,0.0,0.0,0.0,0.0,0.0,0.0,0.0,0.0,0,0.0,0.0,0.0,0.0,0.0,-0.57528,-0.24808000000000002,-0.97719,0.0,0.0,-13.44595,-0.15204,-0.97719,0.0,-0.8828,-0.58521,-0.97719,0.14479,0.15316,0,26.99526,
Ga2S2,0.021830000000000002,0.03703,0.17822000000000002,0.14309000000000002,0.13407,0.08005,0.0,0.4072,0.44413,0.034839999999999996,0.0,0.40457,0.06162,0.02012,0.0212,0.03288,0.0,0.27438,0.6765,0.13038,0.7642100000000001,0.0,0.9682,1.0,1.0,-0.51455,0.03136,-0.5578,-0.81776,-0.8313799999999999,0.11793,-0.15624000000000002,0.0,-0.5256,0.60134,0.0,0.15325,0.04517,0.0,0.00403,0.05491,0.042319999999999997,0.43485,0.03296,0.03296,0.0,0.0,0.0,0.1037,0.0067,0.0067,0.0067,0.0,0.06386,0.06251,0.042839999999999996,0.0,0.0,1,0,0.0,0.0,0.0,0.0,0.0,0.0,0.0,0.0,0.0,0.0,0.0,0.0,0.0,0.0,0,0.0,0.0,0.0,0.0,0.0,1.49064,3.01809,2.06826,0.0,0.0,0.0,3.5823400000000003,2.06826,0.0,3.5823400000000003,2.06826,0.0,0.14515999999999998,0.14515999999999998,0,24.67904,
Ni1Cl2,0.05874,0.023180000000000003,0.16983,0.04938,0.013319999999999999,0.1644,0.0,0.37993000000000005,0.28135,0.023569999999999997,0.0,0.33204,0.02791,0.13859000000000002,0.10602,0.017519999999999997,0.16822,0.3025,0.62238,0.23813,0.73015,0.0,0.8092699999999999,0.82275,0.82275,-0.688,0.13434000000000001,-0.52369,-0.7912600000000001,-0.7912600000000001,0.06963,-0.20770999999999998,0.0,-0.3869,0.51071,0.0,0.08557999999999999,0.00011999999999999999,0.28019,0.02663,0.060989999999999996,0.10676,0.32323,0.038169999999999996,2.9999999999999997e-05,0.2298,0.0,0.0,0.1,0.16158,0.16158,0.16158,0.0,0.05541,0.12883,0.03951,0.0,0.0,0,1,0.0,0.0,0.0,0.0,0.0,0.0,0.0,-0.5848899999999999,0.0,0.0,0.0,0.0,0.0,0.0,0,0.0,0.0,0.0,0.0,0.0,1.84379,1.25481,2.9918400000000003,0.0,0.0,11.30676,0.0,0.0,11.30676,1.72734,2.9918400000000003,2.9918400000000003,0.15277000000000002,0.15277000000000002,1,22.61351,
Re1S2-T1,0.0007599999999999999,0.060039999999999996,0.15138,0.01882,0.00713,0.026560000000000004,0.0,0.39608000000000004,0.44178999999999996,0.07868,0.0,0.3019,0.10922,0.20968,0.30808,0.04381,0.08485,0.28792,0.6733600000000001,0.13352999999999998,0.68893,0.0,0.79156,0.81183,0.81183,-0.65627,0.06067,-0.54418,-0.8313799999999999,-0.8313799999999999,0.28239000000000003,-0.14762999999999998,0.0,-0.40983,0.39289,0.0,0.11507,0.09887,0.008409999999999999,0.009890000000000001,0.11638,0.0008699999999999999,0.25978,0.027460000000000002,0.00061,0.28060999999999997,0.0,0.0,0.29365,0.004529999999999999,0.004529999999999999,0.004529999999999999,0.0,0.06514,0.08378,0.10494,0.0,0.0,0,1,0.0,0.0,0.0,0.0,0.0,0.0,0.0,0.0,0.0,0.0,0.0,0.0,0.0,0.0,0,0.0,0.0,0.0,0.0,0.0,0.8712700000000001,0.58462,0.0,0.0,5e-05,5e-05,0.0,0.0,0.0,0.0,0.0,0.0,0.13042,0.13042,1,23.33147,
Hf2Br2N2,-0.07107000000000001,0.12394000000000001,0.14467,0.21231999999999998,0.16068,0.23304,0.0,0.37705,0.35846999999999996,0.075,0.0,0.28556,0.14866,0.12591,0.4911,0.052570000000000006,0.13542,0.23901,0.71765,0.14851,0.7007399999999999,0.0,0.7458199999999999,0.78596,0.78596,-0.48326,0.06125,-0.51993,-0.6971,-0.7229800000000001,0.1037,-1.0,0.0,-0.47218000000000004,0.51151,0.0,0.17455,0.17268,0.031160000000000004,0.055439999999999996,0.11692000000000001,-0.65271,0.30413,0.01984,0.00045,0.02265,0.0,0.0,0.15278,0.10465999999999999,0.10465999999999999,0.10465999999999999,0.0,0.09369,0.40557,0.13460999999999998,0.0,0.0,0,1,0.0,0.0,0.0,0.0,0.0,0.46223000000000003,0.0,0.0,0.0,0.0,0.0,0.0,0.0,0.0,0,0.0,0.0,0.0,0.0,0.0,2.0954200000000003,1.16926,2.8708,1.56589,13.27863,13.27863,0.90407,1.56589,0.0,0.90407,1.56589,1.56589,0.13617,0.13617,1,26.557270000000003,
Tc4O12F4,0.02792,0.11292999999999999,0.15725,0.10475999999999999,0.13625,0.056670000000000005,0.0,0.30405,0.21552,0.058370000000000005,0.0,0.0,0.48318999999999995,0.0,0.0,0.02617,0.0,0.28792,0.654,0.214,0.69247,0.0,0.0,0.0,0.0,0.0,0.053360000000000005,-0.41402,-1.0,-1.0,0.04428,-0.18436,0.0,-0.40996000000000005,0.0,0.0,0.11208,0.0709,0.0,0.03304,0.060770000000000005,0.03383,0.2579,0.01686,9e-05,0.0,0.0,0.0,0.0,0.0,0.0,0.0,0.0,0.05425,0.29341999999999996,0.08184,0.0,0.0,0,0,0.0,0.0,0.0,0.0,0.0,0.0,0.0,0.0,0.0,0.0,0.0,0.0,0.0,0.0,0,0.0,0.0,0.0,0.0,0.0,2.51237,12.070089999999999,2.51237,0.0,0.0,0.0,12.070089999999999,2.51237,0.0,0.0,0.0,0.0,0.2036,0.37522,0,24.679570000000002,
In4Te4O12F4,0.01949,0.10315999999999999,0.13639,0.18175999999999998,0.24115,0.25275,0.0,0.43518999999999997,0.21552,0.16101,0.0,0.19864,0.08993,0.07521,0.10585,0.05557,0.0,0.25,0.71672,0.15128,0.73546,0.0,0.69182,0.86177,0.86177,-0.53622,0.03267,-0.5905100000000001,-0.98125,-1.0,0.08143,-0.18436,0.0,-0.5574600000000001,0.5707899999999999,0.12754000000000001,0.14545999999999998,0.12427,0.053860000000000005,0.08551,0.10119,0.02925,0.38636,0.04311,9e-05,0.0016300000000000002,0.0,0.0,0.06019,0.02238,0.02238,0.02238,0.029889999999999996,0.17873,0.33926999999999996,0.19592,0.24874000000000002,0.0,0,0,0.0,0.0,0.0,0.0,0.0,0.0,0.0,0.0,0.0,0.0,0.0,0.0,0.0,0.0,0,-124.16218,0.0,0.0,0.0,0.0,2.7191799999999997,12.99383,2.7191799999999997,0.0,0.0,0.0,12.99383,2.7191799999999997,0.0,12.99383,2.7191799999999997,2.7191799999999997,0.20665999999999998,0.29875999999999997,0,26.315790000000003,
Hf2I2N2,-0.07107000000000001,0.13171,0.14467,0.22321999999999997,0.17444,0.20506,0.0,0.39914,0.25189,0.18357,0.0,0.28556,0.14866,0.12591,0.4911,0.08575,0.13542,0.23901,0.71765,0.17075,0.7007399999999999,0.0,0.7458199999999999,0.78596,0.78596,-0.48326,0.06176,-0.54796,-0.68242,-0.7229800000000001,0.10790999999999999,-1.0,0.0,-0.47218000000000004,0.51151,0.03261,0.17455,0.26315,0.031160000000000004,0.0678,0.1468,-0.65271,0.30413,0.020419999999999997,0.0022,0.02265,0.0,0.0,0.15278,0.10465999999999999,0.10465999999999999,0.10465999999999999,0.0,0.09369,0.41548999999999997,0.17999,0.0,0.0,0,1,0.0,0.0,0.0,0.0,0.0,0.50632,0.0,0.0,0.0,0.0,0.0,0.0,0.0,0.0,0,0.0,0.0,0.0,0.0,0.0,2.12332,1.2922799999999999,2.93673,1.60185,13.46515,13.46515,0.9248299999999999,1.60185,0.0,0.9248299999999999,1.60185,1.60185,0.13737,0.13737,1,26.9303,
Sn2P2,0.0379,0.06724,0.14153,0.05223,0.25853000000000004,0.14114000000000002,0.0,0.42358,0.42683999999999994,0.1308,0.0,0.24863000000000002,0.06989,0.11818,0.15963,0.04353,0.48,0.23901,0.7598199999999999,0.06354,0.76703,0.0,0.74929,0.8489399999999999,0.8489399999999999,-0.47394,0.0054,-0.5772,-0.75703,-0.8140000000000001,0.03991,-0.7057399999999999,0.0,-0.57006,0.59535,0.0,0.21156,0.1072,0.06732,0.02474,0.040780000000000004,0.08775,0.56952,0.10390999999999999,0.10390999999999999,0.04205,0.0,0.0,0.08056,0.09458,0.09458,0.09458,0.0,0.12767,0.08682999999999999,0.0648,0.0,0.0,1,0,0.0,0.0,0.0,0.0,0.0,0.0,0.0,0.0,0.0,0.0,0.0,0.0,0.0,0.0,0,0.0,0.0,0.0,0.0,0.0,1.7313900000000002,1.56294,1.13782,0.0,0.0,12.2153,1.9707700000000001,1.13782,0.0,1.9707700000000001,1.13782,1.13782,0.16134,0.16134,0,24.43059,
Ta2Ni4Te4,0.0164,0.05063,0.14572000000000002,0.2029,0.35564,0.11137999999999999,0.00872,0.40597,0.28899,0.05674,0.12589,0.19864,0.02791,0.13859000000000002,0.10602,0.02504,0.08815,0.25,0.62238,0.20611,0.7054600000000001,0.21855,0.80688,0.82275,0.81709,-0.688,0.11673,-0.5563100000000001,-0.70045,-0.73441,0.08299,-0.38533,0.12258,-0.3869,0.43793000000000004,0.11392999999999999,0.08557999999999999,0.08715,0.1026,0.061079999999999995,0.1107,0.026869999999999998,0.32323,0.07407000000000001,0.11445,0.0016300000000000002,0.08081,0.05853,0.22221999999999997,0.16158,0.16158,0.09593,0.07599,0.05541,0.12785,0.14142000000000002,0.025660000000000002,0.0,0,0,0.0,0.0,0.0,0.0,0.0,0.0,0.0,-7.85884,0.0,0.0,0.0,0.0,0.0,0.0,0,0.0,0.0,0.0,0.0,0.0,-12.74276,-0.78545,-12.74276,-12.74276,-2.23327,-3.2836199999999995,0.0,-12.74276,-3.8596199999999996,-1.4369100000000001,-12.74276,-12.74275,0.13927,0.25524,0,25.48551,
W12Br24,0.04143,0.08853,0.14802,0.05602000000000001,0.17035,0.23165,0.0,0.37705,0.50347,0.07571,0.0,0.28276,0.10635,0.24761999999999998,0.45369,0.01206,0.07467,0.27438,0.68455,0.1816,0.70193,0.0,0.75264,0.79456,0.79456,-0.63532,0.10737000000000001,-0.51993,-0.6712199999999999,-0.69442,0.07102,-0.20595,0.0,-0.40897,0.41758999999999996,0.0,0.12299000000000002,0.02016,0.40615999999999997,0.028919999999999998,0.0005200000000000001,0.06961,0.30468,0.10512,0.00045,0.90295,0.0,0.0,0.28704,0.33941,0.33941,0.33941,0.0,0.07103,0.07346,0.03203,0.0,0.0,0,0,0.0,0.0,0.0,0.0,0.0,0.0,0.0,0.0,0.0,0.0,0.0,0.0,0.0,0.0,0,0.0,0.0,0.0,0.0,0.0,6.6242600000000005,5.2091199999999995,6.555389999999999,6.970289999999999,14.46084,14.46084,4.97765,6.970289999999999,0.0,4.97765,6.970289999999999,6.970289999999999,0.41306000000000004,0.41315,0,28.92168,
Sn1Se2,0.05645,0.022340000000000002,0.14153,0.056010000000000004,0.06964,0.058660000000000004,0.00162,0.42358,0.35691,0.12,0.05114,0.15527,0.06989,0.08031,0.09567,0.0069099999999999995,0.48,0.23901,0.7598199999999999,0.046310000000000004,0.76703,0.11585,0.74929,0.8489399999999999,0.70004,-0.47394,0.0016300000000000002,-0.5772,-0.70633,-0.70633,0.03241,-0.1151,0.0492,-0.57006,0.59535,0.00058,0.21156,0.01852,0.02446,0.00998,0.01674,0.08775,0.38035,0.0701,0.0016300000000000002,7e-05,0.06797,0.015280000000000002,0.08056,0.10217999999999999,0.10217999999999999,0.09458,0.33391,0.12767,0.0242,0.00176,0.02539,1.0,0,1,0.0,0.0,0.0,0.0,0.0,0.0,0.0,0.0,0.0,0.0,0.0,0.0,0.0,0.0,0,0.0,0.0,0.0,0.0,0.0,2.147,1.38035,2.2306,0.0,0.0,11.59643,1.93176,3.34591,0.0,1.18723,2.05634,2.8679200000000002,0.16658,0.16658,1,23.192870000000003,
